-- MySQL dump 10.13  Distrib 5.7.21, for Linux (x86_64)
--
-- Host: 127.0.0.1    Database: TravelDatabase
-- ------------------------------------------------------
-- Server version	5.7.21-0ubuntu0.16.04.1

/*!40101 SET @OLD_CHARACTER_SET_CLIENT=@@CHARACTER_SET_CLIENT */;
/*!40101 SET @OLD_CHARACTER_SET_RESULTS=@@CHARACTER_SET_RESULTS */;
/*!40101 SET @OLD_COLLATION_CONNECTION=@@COLLATION_CONNECTION */;
/*!40101 SET NAMES utf8 */;
/*!40103 SET @OLD_TIME_ZONE=@@TIME_ZONE */;
/*!40103 SET TIME_ZONE='+00:00' */;
/*!40014 SET @OLD_UNIQUE_CHECKS=@@UNIQUE_CHECKS, UNIQUE_CHECKS=0 */;
/*!40014 SET @OLD_FOREIGN_KEY_CHECKS=@@FOREIGN_KEY_CHECKS, FOREIGN_KEY_CHECKS=0 */;
/*!40101 SET @OLD_SQL_MODE=@@SQL_MODE, SQL_MODE='NO_AUTO_VALUE_ON_ZERO' */;
/*!40111 SET @OLD_SQL_NOTES=@@SQL_NOTES, SQL_NOTES=0 */;

--
-- Table structure for table `Accommodation`
--

DROP TABLE IF EXISTS `Accommodation`;
/*!40101 SET @saved_cs_client     = @@character_set_client */;
/*!40101 SET character_set_client = utf8 */;
CREATE TABLE `Accommodation` (
  `id` smallint(5) unsigned NOT NULL AUTO_INCREMENT,
  `roomId` smallint(5) unsigned NOT NULL,
  `mealTypeId` smallint(5) unsigned NOT NULL,
  `mealPricePerDay` float(5,2) NOT NULL,
  PRIMARY KEY (`id`),
  KEY `AccommodationMealTypeId` (`mealTypeId`),
  KEY `MealRoomId` (`roomId`),
  CONSTRAINT `AccommodationMealTypeId` FOREIGN KEY (`mealTypeId`) REFERENCES `MealType` (`id`),
  CONSTRAINT `MealRoomId` FOREIGN KEY (`roomId`) REFERENCES `Room` (`id`)
) ENGINE=InnoDB AUTO_INCREMENT=336 DEFAULT CHARSET=latin1;
/*!40101 SET character_set_client = @saved_cs_client */;

--
-- Dumping data for table `Accommodation`
--

LOCK TABLES `Accommodation` WRITE;
/*!40000 ALTER TABLE `Accommodation` DISABLE KEYS */;
INSERT INTO `Accommodation` VALUES (1,1,3,10.00),(2,1,4,15.00),(3,1,5,20.00),(4,1,6,25.00),(5,1,7,0.00),(6,2,3,10.00),(7,2,4,15.00),(8,2,5,20.00),(9,2,6,25.00),(10,2,7,0.00),(11,3,3,10.00),(12,3,4,15.00),(13,3,5,20.00),(14,3,6,25.00),(15,3,7,0.00),(16,4,3,10.00),(17,4,4,15.00),(18,4,5,20.00),(19,4,6,25.00),(20,4,7,0.00),(21,5,3,10.00),(22,5,4,15.00),(23,5,5,20.00),(24,5,6,25.00),(25,5,7,0.00),(26,6,3,5.00),(27,6,7,0.00),(28,7,3,5.00),(29,7,7,0.00),(30,8,3,5.00),(31,8,7,0.00),(32,9,3,5.00),(33,9,7,0.00),(34,10,3,5.00),(35,10,7,0.00),(36,11,3,10.00),(37,11,4,15.00),(38,11,5,20.00),(39,11,6,25.00),(40,11,7,0.00),(41,12,3,10.00),(42,12,4,15.00),(43,12,5,20.00),(44,12,6,25.00),(45,12,7,0.00),(46,13,3,10.00),(47,13,4,15.00),(48,13,5,20.00),(49,13,6,25.00),(50,13,7,0.00),(51,14,3,10.00),(52,14,4,15.00),(53,14,5,20.00),(54,14,6,25.00),(55,14,7,0.00),(56,15,3,10.00),(57,15,4,15.00),(58,15,5,20.00),(59,15,6,25.00),(60,15,7,0.00),(61,16,3,10.00),(62,16,4,15.00),(63,16,5,20.00),(64,16,6,25.00),(65,16,7,0.00),(66,17,3,10.00),(67,17,4,15.00),(68,17,5,20.00),(69,17,6,25.00),(70,17,7,0.00),(71,18,3,10.00),(72,18,4,15.00),(73,18,5,20.00),(74,18,6,25.00),(75,18,7,0.00),(76,19,3,10.00),(77,19,4,15.00),(78,19,5,20.00),(79,19,6,25.00),(80,19,7,0.00),(81,20,3,10.00),(82,20,4,15.00),(83,20,5,20.00),(84,20,6,25.00),(85,20,7,0.00),(86,21,3,10.00),(87,21,4,15.00),(88,21,5,20.00),(89,21,6,25.00),(90,21,7,0.00),(91,22,3,10.00),(92,22,4,15.00),(93,22,5,20.00),(94,22,6,25.00),(95,22,7,0.00),(96,23,3,10.00),(97,23,4,15.00),(98,23,5,20.00),(99,23,6,25.00),(100,23,7,0.00),(101,24,3,10.00),(102,24,4,15.00),(103,24,5,20.00),(104,24,6,25.00),(105,24,7,0.00),(106,25,3,10.00),(107,25,4,15.00),(108,25,5,20.00),(109,25,6,25.00),(110,25,7,0.00),(111,26,3,10.00),(112,26,4,15.00),(113,26,5,20.00),(114,26,6,25.00),(115,26,7,0.00),(116,27,3,10.00),(117,27,4,15.00),(118,27,5,20.00),(119,27,6,25.00),(120,27,7,0.00),(121,28,3,10.00),(122,28,4,15.00),(123,28,5,20.00),(124,28,6,25.00),(125,28,7,0.00),(126,29,3,10.00),(127,29,4,15.00),(128,29,5,20.00),(129,29,6,25.00),(130,29,7,0.00),(131,30,3,5.00),(132,30,5,15.00),(133,30,7,0.00),(134,31,3,5.00),(135,31,5,15.00),(136,31,7,0.00),(137,32,3,5.00),(138,32,5,15.00),(139,32,7,0.00),(140,33,3,5.00),(141,33,5,15.00),(142,33,7,0.00),(143,34,3,5.00),(144,34,5,15.00),(145,34,7,0.00),(146,35,3,10.00),(147,35,4,15.00),(148,35,5,20.00),(149,35,6,25.00),(150,35,7,0.00),(151,36,3,10.00),(152,36,4,15.00),(153,36,5,20.00),(154,36,6,25.00),(155,36,7,0.00),(156,37,3,10.00),(157,37,4,15.00),(158,37,5,20.00),(159,37,6,25.00),(160,37,7,0.00),(161,38,3,10.00),(162,38,4,15.00),(163,38,5,20.00),(164,38,6,25.00),(165,38,7,0.00),(166,39,3,10.00),(167,39,4,15.00),(168,39,5,20.00),(169,39,6,25.00),(170,39,7,0.00),(171,40,3,10.00),(172,40,4,15.00),(173,40,5,20.00),(174,40,6,25.00),(175,40,7,0.00),(176,41,3,10.00),(177,41,4,15.00),(178,41,5,20.00),(179,41,6,25.00),(180,41,7,0.00),(181,42,3,20.00),(182,42,4,30.00),(183,42,5,40.00),(184,42,6,50.00),(185,42,7,0.00),(186,43,3,20.00),(187,43,4,30.00),(188,43,5,40.00),(189,43,6,50.00),(190,43,7,0.00),(191,44,3,20.00),(192,44,4,30.00),(193,44,5,40.00),(194,44,6,50.00),(195,44,7,0.00),(196,45,3,20.00),(197,45,4,30.00),(198,45,5,40.00),(199,45,6,50.00),(200,45,7,0.00),(201,46,3,20.00),(202,46,4,30.00),(203,46,5,40.00),(204,46,6,50.00),(205,46,7,0.00),(206,47,3,20.00),(207,47,4,30.00),(208,47,5,40.00),(209,47,6,50.00),(210,47,7,0.00),(211,48,3,20.00),(212,48,4,30.00),(213,48,5,40.00),(214,48,6,50.00),(215,48,7,0.00),(216,49,3,10.00),(217,49,4,15.00),(218,49,5,20.00),(219,49,6,25.00),(220,49,7,0.00),(221,50,3,10.00),(222,50,4,15.00),(223,50,5,20.00),(224,50,6,25.00),(225,50,7,0.00),(226,51,3,10.00),(227,51,4,15.00),(228,51,5,20.00),(229,51,6,25.00),(230,51,7,0.00),(231,52,3,10.00),(232,52,4,15.00),(233,52,5,20.00),(234,52,6,25.00),(235,52,7,0.00),(236,53,3,10.00),(237,53,4,15.00),(238,53,5,20.00),(239,53,6,25.00),(240,53,7,0.00),(241,54,3,10.00),(242,54,4,15.00),(243,54,5,20.00),(244,54,6,25.00),(245,54,7,0.00),(246,55,3,10.00),(247,55,4,15.00),(248,55,5,20.00),(249,55,6,25.00),(250,55,7,0.00),(251,56,3,10.00),(252,56,4,15.00),(253,56,5,20.00),(254,56,6,25.00),(255,56,7,0.00),(256,57,3,10.00),(257,57,4,15.00),(258,57,5,20.00),(259,57,6,25.00),(260,57,7,0.00),(261,58,3,10.00),(262,58,4,15.00),(263,58,5,20.00),(264,58,6,25.00),(265,58,7,0.00),(266,59,3,10.00),(267,59,4,15.00),(268,59,5,20.00),(269,59,6,25.00),(270,59,7,0.00),(271,60,3,10.00),(272,60,4,15.00),(273,60,5,20.00),(274,60,6,25.00),(275,60,7,0.00),(276,61,3,10.00),(277,61,4,15.00),(278,61,5,20.00),(279,61,6,25.00),(280,61,7,0.00),(281,62,3,10.00),(282,62,4,15.00),(283,62,5,20.00),(284,62,6,25.00),(285,62,7,0.00),(286,63,3,10.00),(287,63,4,15.00),(288,63,5,20.00),(289,63,6,25.00),(290,63,7,0.00),(291,64,3,10.00),(292,64,4,15.00),(293,64,5,20.00),(294,64,6,25.00),(295,64,7,0.00),(296,65,3,10.00),(297,65,4,15.00),(298,65,5,20.00),(299,65,6,25.00),(300,65,7,0.00),(301,66,3,10.00),(302,66,4,15.00),(303,66,5,20.00),(304,66,6,25.00),(305,66,7,0.00),(306,67,3,10.00),(307,67,4,15.00),(308,67,5,20.00),(309,67,6,25.00),(310,67,7,0.00),(311,68,3,10.00),(312,68,4,15.00),(313,68,5,20.00),(314,68,6,25.00),(315,68,7,0.00),(316,69,3,10.00),(317,69,4,15.00),(318,69,5,20.00),(319,69,6,25.00),(320,69,7,0.00),(321,70,3,10.00),(322,70,4,15.00),(323,70,5,20.00),(324,70,6,25.00),(325,70,7,0.00),(326,71,3,10.00),(327,71,4,15.00),(328,71,5,20.00),(329,71,6,25.00),(330,71,7,0.00),(331,72,3,10.00),(332,72,4,15.00),(333,72,5,20.00),(334,72,6,25.00),(335,72,7,0.00);
/*!40000 ALTER TABLE `Accommodation` ENABLE KEYS */;
UNLOCK TABLES;

--
-- Table structure for table `Aircraft`
--

DROP TABLE IF EXISTS `Aircraft`;
/*!40101 SET @saved_cs_client     = @@character_set_client */;
/*!40101 SET character_set_client = utf8 */;
CREATE TABLE `Aircraft` (
  `id` smallint(5) unsigned NOT NULL AUTO_INCREMENT,
  `type` varchar(50) NOT NULL,
  PRIMARY KEY (`id`),
  UNIQUE KEY `type` (`type`)
) ENGINE=InnoDB AUTO_INCREMENT=7 DEFAULT CHARSET=latin1;
/*!40101 SET character_set_client = @saved_cs_client */;

--
-- Dumping data for table `Aircraft`
--

LOCK TABLES `Aircraft` WRITE;
/*!40000 ALTER TABLE `Aircraft` DISABLE KEYS */;
INSERT INTO `Aircraft` VALUES (6,'Airbus A318'),(1,'Airbus A319'),(2,'Airbus A320'),(3,'Airbus A321'),(4,'Boeing 737'),(5,'Boeing 777');
/*!40000 ALTER TABLE `Aircraft` ENABLE KEYS */;
UNLOCK TABLES;

--
-- Table structure for table `Airline`
--

DROP TABLE IF EXISTS `Airline`;
/*!40101 SET @saved_cs_client     = @@character_set_client */;
/*!40101 SET character_set_client = utf8 */;
CREATE TABLE `Airline` (
  `id` smallint(5) unsigned NOT NULL AUTO_INCREMENT,
  `name` varchar(50) NOT NULL,
  `countryId` varchar(2) NOT NULL,
  PRIMARY KEY (`id`),
  KEY `AirlineCountryId` (`countryId`),
  CONSTRAINT `AirlineCountryId` FOREIGN KEY (`countryId`) REFERENCES `Country` (`id`)
) ENGINE=InnoDB AUTO_INCREMENT=4 DEFAULT CHARSET=latin1;
/*!40101 SET character_set_client = @saved_cs_client */;

--
-- Dumping data for table `Airline`
--

LOCK TABLES `Airline` WRITE;
/*!40000 ALTER TABLE `Airline` DISABLE KEYS */;
INSERT INTO `Airline` VALUES (1,'Aeroflot','RU'),(2,'S7 Airlines','RU'),(3,'Air France','FR');
/*!40000 ALTER TABLE `Airline` ENABLE KEYS */;
UNLOCK TABLES;

--
-- Table structure for table `Airport`
--

DROP TABLE IF EXISTS `Airport`;
/*!40101 SET @saved_cs_client     = @@character_set_client */;
/*!40101 SET character_set_client = utf8 */;
CREATE TABLE `Airport` (
  `id` varchar(3) NOT NULL,
  `name` varchar(50) DEFAULT NULL,
  `cityId` smallint(5) unsigned NOT NULL,
  PRIMARY KEY (`id`),
  KEY `AirportCityId` (`cityId`),
  CONSTRAINT `AirportCityId` FOREIGN KEY (`cityId`) REFERENCES `City` (`id`)
) ENGINE=InnoDB DEFAULT CHARSET=latin1;
/*!40101 SET character_set_client = @saved_cs_client */;

--
-- Dumping data for table `Airport`
--

LOCK TABLES `Airport` WRITE;
/*!40000 ALTER TABLE `Airport` DISABLE KEYS */;
INSERT INTO `Airport` VALUES ('BVA','Beauvais',1),('CDG','Charles de Gaulle',1),('DME','Domodedovo',3),('LED','Pulkovo',4),('NCE','Cote d\'Azur',2),('ORY','Orly',1),('SVO','Sheremetyevo',3),('VKO','Vnukovo',3);
/*!40000 ALTER TABLE `Airport` ENABLE KEYS */;
UNLOCK TABLES;

--
-- Table structure for table `City`
--

DROP TABLE IF EXISTS `City`;
/*!40101 SET @saved_cs_client     = @@character_set_client */;
/*!40101 SET character_set_client = utf8 */;
CREATE TABLE `City` (
  `id` smallint(5) unsigned NOT NULL AUTO_INCREMENT,
  `name` varchar(50) NOT NULL,
  `countryId` varchar(2) NOT NULL,
  `timezone` time NOT NULL,
  `summerShift` tinyint(1) NOT NULL,
  PRIMARY KEY (`id`),
  KEY `CityCountryId` (`countryId`),
  CONSTRAINT `CityCountryId` FOREIGN KEY (`countryId`) REFERENCES `Country` (`id`)
) ENGINE=InnoDB AUTO_INCREMENT=5 DEFAULT CHARSET=latin1;
/*!40101 SET character_set_client = @saved_cs_client */;

--
-- Dumping data for table `City`
--

LOCK TABLES `City` WRITE;
/*!40000 ALTER TABLE `City` DISABLE KEYS */;
INSERT INTO `City` VALUES (1,'Paris','FR','01:00:00',1),(2,'Nice','FR','01:00:00',1),(3,'Moscow','RU','03:00:00',0),(4,'Saint Petersburg','RU','03:00:00',0);
/*!40000 ALTER TABLE `City` ENABLE KEYS */;
UNLOCK TABLES;

--
-- Table structure for table `Country`
--

DROP TABLE IF EXISTS `Country`;
/*!40101 SET @saved_cs_client     = @@character_set_client */;
/*!40101 SET character_set_client = utf8 */;
CREATE TABLE `Country` (
  `id` varchar(2) NOT NULL,
  `name` varchar(50) NOT NULL,
  PRIMARY KEY (`id`),
  UNIQUE KEY `name` (`name`)
) ENGINE=InnoDB DEFAULT CHARSET=latin1;
/*!40101 SET character_set_client = @saved_cs_client */;

--
-- Dumping data for table `Country`
--

LOCK TABLES `Country` WRITE;
/*!40000 ALTER TABLE `Country` DISABLE KEYS */;
INSERT INTO `Country` VALUES ('FR','France'),('RU','Russia');
/*!40000 ALTER TABLE `Country` ENABLE KEYS */;
UNLOCK TABLES;

--
-- Table structure for table `Flight`
--

DROP TABLE IF EXISTS `Flight`;
/*!40101 SET @saved_cs_client     = @@character_set_client */;
/*!40101 SET character_set_client = utf8 */;
CREATE TABLE `Flight` (
  `id` smallint(5) unsigned NOT NULL AUTO_INCREMENT,
  `airlineId` smallint(5) unsigned NOT NULL,
  `number` varchar(10) NOT NULL,
  `aircraftId` smallint(5) unsigned NOT NULL,
  `departureAirportId` varchar(3) NOT NULL,
  `arrivalAirportId` varchar(3) NOT NULL,
  PRIMARY KEY (`id`),
  KEY `FlightAirlineId` (`airlineId`),
  KEY `FlightAircraftId` (`aircraftId`),
  KEY `FlightDepartureAirportId` (`departureAirportId`),
  KEY `FlightArrivalAirportId` (`arrivalAirportId`),
  CONSTRAINT `FlightAircraftId` FOREIGN KEY (`aircraftId`) REFERENCES `Aircraft` (`id`),
  CONSTRAINT `FlightAirlineId` FOREIGN KEY (`airlineId`) REFERENCES `Airline` (`id`),
  CONSTRAINT `FlightArrivalAirportId` FOREIGN KEY (`arrivalAirportId`) REFERENCES `Airport` (`id`),
  CONSTRAINT `FlightDepartureAirportId` FOREIGN KEY (`departureAirportId`) REFERENCES `Airport` (`id`)
) ENGINE=InnoDB AUTO_INCREMENT=55 DEFAULT CHARSET=latin1;
/*!40101 SET character_set_client = @saved_cs_client */;

--
-- Dumping data for table `Flight`
--

LOCK TABLES `Flight` WRITE;
/*!40000 ALTER TABLE `Flight` DISABLE KEYS */;
INSERT INTO `Flight` VALUES (15,1,'SU 0039',2,'LED','SVO'),(16,1,'SU 0045',4,'LED','SVO'),(17,1,'SU 0011',3,'LED','SVO'),(18,1,'SU 6023',1,'LED','VKO'),(19,1,'SU 6031',1,'LED','VKO'),(20,1,'SU 6035',1,'LED','VKO'),(21,1,'SU 6635',2,'LED','CDG'),(22,1,'SU 6636',2,'CDG','LED'),(23,1,'SU 0004',2,'SVO','LED'),(24,1,'SU 0042',2,'SVO','LED'),(25,1,'SU 0032',2,'SVO','LED'),(26,1,'SU 6024',1,'VKO','LED'),(27,1,'SU 6026',1,'VKO','LED'),(28,1,'SU 6032',1,'VKO','LED'),(29,1,'SU 2454',3,'SVO','CDG'),(30,1,'SU 3000',1,'SVO','CDG'),(31,1,'SU 2470',3,'SVO','NCE'),(32,1,'SU 2455',3,'CDG','SVO'),(33,1,'SU 3007',3,'CDG','SVO'),(34,1,'SU 2459',2,'CDG','SVO'),(35,1,'SU 2471',3,'NCE','SVO'),(36,2,'S7 026',1,'LED','DME'),(37,2,'S7 046',1,'LED','DME'),(38,2,'S7 050',1,'LED','DME'),(39,2,'S7 047',1,'DME','LED'),(40,2,'S7 049',1,'DME','LED'),(41,2,'S7 041',1,'DME','LED'),(42,3,'AF 1464',1,'CDG','LED'),(43,3,'AF 7700',3,'CDG','NCE'),(44,3,'AF 7714',1,'CDG','NCE'),(45,3,'AF 7712',2,'CDG','NCE'),(46,3,'AF 6222',2,'ORY','NCE'),(47,3,'AF 6202',2,'ORY','NCE'),(48,3,'AF 6210',2,'ORY','NCE'),(49,3,'AF 6207',3,'NCE','ORY'),(50,3,'AF 7705',3,'NCE','CDG'),(51,3,'AF 6211',1,'NCE','ORY'),(52,3,'AF 7703',1,'NCE','CDG'),(53,3,'AF 6229',1,'NCE','ORY'),(54,3,'AF 7715',6,'NCE','CDG');
/*!40000 ALTER TABLE `Flight` ENABLE KEYS */;
UNLOCK TABLES;

--
-- Table structure for table `Hotel`
--

DROP TABLE IF EXISTS `Hotel`;
/*!40101 SET @saved_cs_client     = @@character_set_client */;
/*!40101 SET character_set_client = utf8 */;
CREATE TABLE `Hotel` (
  `id` smallint(5) unsigned NOT NULL AUTO_INCREMENT,
  `name` varchar(50) NOT NULL,
  `cityId` smallint(5) unsigned NOT NULL,
  `address` varchar(100) NOT NULL,
  `extra` text,
  PRIMARY KEY (`id`),
  KEY `HotelCityId` (`cityId`),
  CONSTRAINT `HotelCityId` FOREIGN KEY (`cityId`) REFERENCES `City` (`id`)
) ENGINE=InnoDB AUTO_INCREMENT=14 DEFAULT CHARSET=latin1;
/*!40101 SET character_set_client = @saved_cs_client */;

--
-- Dumping data for table `Hotel`
--

LOCK TABLES `Hotel` WRITE;
/*!40000 ALTER TABLE `Hotel` DISABLE KEYS */;
INSERT INTO `Hotel` VALUES (1,'Park Inn by Radisson',4,'89 Nevsky Prospect',NULL),(3,'SuperHostel',4,'39 Kamennoostrovsky Prospect',NULL),(4,'Grand Hotel Petrogradsky',4,'5 Karpovka River Embankment',NULL),(5,'President Hotel',3,'24 Bolshaya Yakimanka Street',NULL),(6,'Slavyanka',3,'2/3 Suvorovskaya Square',NULL),(7,'Zolotoy Kolos',3,'15 Yaroslavskaya Street',NULL),(8,'Saint Gothard',2,'20 Rue Paganini',NULL),(9,'Radisson Blu Hotel',2,'223 Promenade Des Anglais',NULL),(10,'Villa Otero by Happyculture',2,'58 Rue Herold',NULL),(11,'Hotel Maison Athenee',1,'19 Rue De Caumartin',NULL),(12,'Amadeus Hotel',1,'39 Rue Claude Tillier',NULL),(13,'Le Twelve',1,'82 Avenue Du Docteur Arnold Netter',NULL);
/*!40000 ALTER TABLE `Hotel` ENABLE KEYS */;
UNLOCK TABLES;

--
-- Table structure for table `MealType`
--

DROP TABLE IF EXISTS `MealType`;
/*!40101 SET @saved_cs_client     = @@character_set_client */;
/*!40101 SET character_set_client = utf8 */;
CREATE TABLE `MealType` (
  `id` smallint(5) unsigned NOT NULL AUTO_INCREMENT,
  `name` varchar(50) NOT NULL,
  PRIMARY KEY (`id`),
  UNIQUE KEY `name` (`name`)
) ENGINE=InnoDB AUTO_INCREMENT=8 DEFAULT CHARSET=latin1;
/*!40101 SET character_set_client = @saved_cs_client */;

--
-- Dumping data for table `MealType`
--

LOCK TABLES `MealType` WRITE;
/*!40000 ALTER TABLE `MealType` DISABLE KEYS */;
INSERT INTO `MealType` VALUES (6,'All Inclusive'),(3,'Bed and breakfast'),(5,'Full Board'),(4,'Half Board'),(7,'Without Meal');
/*!40000 ALTER TABLE `MealType` ENABLE KEYS */;
UNLOCK TABLES;

--
-- Table structure for table `Room`
--

DROP TABLE IF EXISTS `Room`;
/*!40101 SET @saved_cs_client     = @@character_set_client */;
/*!40101 SET character_set_client = utf8 */;
CREATE TABLE `Room` (
  `id` smallint(5) unsigned NOT NULL AUTO_INCREMENT,
  `hotelId` smallint(5) unsigned NOT NULL,
  `typeId` smallint(5) unsigned NOT NULL,
  `pricePerNight` float(5,2) NOT NULL,
  PRIMARY KEY (`id`),
  KEY `RoomHotelId` (`hotelId`),
  KEY `RoomTypeId` (`typeId`),
  CONSTRAINT `RoomHotelId` FOREIGN KEY (`hotelId`) REFERENCES `Hotel` (`id`),
  CONSTRAINT `RoomTypeId` FOREIGN KEY (`typeId`) REFERENCES `RoomType` (`id`)
) ENGINE=InnoDB AUTO_INCREMENT=73 DEFAULT CHARSET=latin1;
/*!40101 SET character_set_client = @saved_cs_client */;

--
-- Dumping data for table `Room`
--

LOCK TABLES `Room` WRITE;
/*!40000 ALTER TABLE `Room` DISABLE KEYS */;
INSERT INTO `Room` VALUES (1,1,7,85.00),(2,1,7,85.00),(3,1,2,85.00),(4,1,2,85.00),(5,1,6,95.00),(6,3,1,17.00),(7,3,7,21.00),(8,3,7,21.00),(9,3,2,21.00),(10,3,2,21.00),(11,4,7,105.00),(12,4,7,105.00),(13,4,2,105.00),(14,4,2,105.00),(15,4,11,215.00),(16,4,11,215.00),(17,4,13,155.00),(18,5,1,70.00),(19,5,2,80.00),(20,5,2,80.00),(21,5,7,80.00),(22,5,7,80.00),(23,5,13,100.00),(24,5,11,120.00),(25,6,7,85.00),(26,6,7,85.00),(27,6,2,85.00),(28,6,2,85.00),(29,6,6,95.00),(30,7,1,20.00),(31,7,7,25.00),(32,7,7,25.00),(33,7,2,25.00),(34,7,2,25.00),(35,8,1,60.00),(36,8,2,70.00),(37,8,2,70.00),(38,8,7,70.00),(39,8,7,70.00),(40,8,3,100.00),(41,8,4,130.00),(42,9,2,260.00),(43,9,2,260.00),(44,9,7,260.00),(45,9,7,260.00),(46,9,13,445.00),(47,9,11,698.00),(48,9,12,841.00),(49,10,1,120.00),(50,10,2,145.00),(51,10,2,145.00),(52,10,7,145.00),(53,10,7,145.00),(54,10,3,180.00),(55,11,1,80.00),(56,11,2,97.00),(57,11,2,97.00),(58,11,7,97.00),(59,12,2,86.00),(60,11,11,120.00),(61,12,2,86.00),(62,11,7,97.00),(63,12,1,65.00),(64,12,7,86.00),(65,12,7,86.00),(66,13,1,70.00),(67,13,2,80.00),(68,13,2,80.00),(69,13,7,80.00),(70,13,7,80.00),(71,13,13,100.00),(72,13,11,120.00);
/*!40000 ALTER TABLE `Room` ENABLE KEYS */;
UNLOCK TABLES;

--
-- Table structure for table `RoomReservation`
--

DROP TABLE IF EXISTS `RoomReservation`;
/*!40101 SET @saved_cs_client     = @@character_set_client */;
/*!40101 SET character_set_client = utf8 */;
CREATE TABLE `RoomReservation` (
  `id` smallint(5) unsigned NOT NULL AUTO_INCREMENT,
  `accommodationId` smallint(5) unsigned NOT NULL,
  `checkIn` date DEFAULT NULL,
  `checkOut` date DEFAULT NULL,
  `totalPrice` float(5,2) NOT NULL,
  PRIMARY KEY (`id`),
  KEY `RoomReservationAccommodationId` (`accommodationId`),
  CONSTRAINT `RoomReservationAccommodationId` FOREIGN KEY (`accommodationId`) REFERENCES `Accommodation` (`id`)
) ENGINE=InnoDB DEFAULT CHARSET=latin1;
/*!40101 SET character_set_client = @saved_cs_client */;

--
-- Dumping data for table `RoomReservation`
--

LOCK TABLES `RoomReservation` WRITE;
/*!40000 ALTER TABLE `RoomReservation` DISABLE KEYS */;
/*!40000 ALTER TABLE `RoomReservation` ENABLE KEYS */;
UNLOCK TABLES;

--
-- Table structure for table `RoomType`
--

DROP TABLE IF EXISTS `RoomType`;
/*!40101 SET @saved_cs_client     = @@character_set_client */;
/*!40101 SET character_set_client = utf8 */;
CREATE TABLE `RoomType` (
  `id` smallint(5) unsigned NOT NULL AUTO_INCREMENT,
  `name` varchar(50) NOT NULL,
  PRIMARY KEY (`id`),
  UNIQUE KEY `name` (`name`)
) ENGINE=InnoDB AUTO_INCREMENT=17 DEFAULT CHARSET=latin1;
/*!40101 SET character_set_client = @saved_cs_client */;

--
-- Dumping data for table `RoomType`
--

LOCK TABLES `RoomType` WRITE;
/*!40000 ALTER TABLE `RoomType` DISABLE KEYS */;
INSERT INTO `RoomType` VALUES (15,'Apartments'),(16,'Disabled Room'),(2,'Double'),(9,'Double-double'),(12,'Executive Suite'),(8,'Hollywood Twin'),(13,'Junior Suite'),(6,'King'),(14,'President Suite'),(4,'Quad'),(5,'Queen'),(1,'Single'),(10,'Studio'),(11,'Suite'),(3,'Triple'),(7,'Twin');
/*!40000 ALTER TABLE `RoomType` ENABLE KEYS */;
UNLOCK TABLES;

--
-- Table structure for table `Shedule`
--

DROP TABLE IF EXISTS `Shedule`;
/*!40101 SET @saved_cs_client     = @@character_set_client */;
/*!40101 SET character_set_client = utf8 */;
CREATE TABLE `Shedule` (
  `id` smallint(5) unsigned NOT NULL AUTO_INCREMENT,
  `flightId` smallint(5) unsigned NOT NULL,
  `departureTime` datetime NOT NULL,
  `arrivalTime` datetime NOT NULL,
  PRIMARY KEY (`id`),
  KEY `SheduleFlightId` (`flightId`),
  KEY `SheduleDepartureTime` (`departureTime`),
  KEY `SheduleArrivalTime` (`arrivalTime`),
  CONSTRAINT `SheduleFlightId` FOREIGN KEY (`flightId`) REFERENCES `Flight` (`id`)
) ENGINE=InnoDB AUTO_INCREMENT=1204 DEFAULT CHARSET=latin1;
/*!40101 SET character_set_client = @saved_cs_client */;

--
-- Dumping data for table `Shedule`
--

LOCK TABLES `Shedule` WRITE;
/*!40000 ALTER TABLE `Shedule` DISABLE KEYS */;
INSERT INTO `Shedule` VALUES (4,15,'2018-06-01 16:20:00','2018-06-01 17:45:00'),(5,15,'2018-06-02 16:20:00','2018-06-02 17:45:00'),(6,15,'2018-06-03 16:20:00','2018-06-03 17:45:00'),(7,15,'2018-06-04 16:20:00','2018-06-04 17:45:00'),(8,15,'2018-06-05 16:20:00','2018-06-05 17:45:00'),(9,15,'2018-06-06 16:20:00','2018-06-06 17:45:00'),(10,15,'2018-06-07 16:20:00','2018-06-07 17:45:00'),(11,15,'2018-06-08 16:20:00','2018-06-08 17:45:00'),(12,15,'2018-06-09 16:20:00','2018-06-09 17:45:00'),(13,15,'2018-06-10 16:20:00','2018-06-10 17:45:00'),(14,15,'2018-06-11 16:20:00','2018-06-11 17:45:00'),(15,15,'2018-06-12 16:20:00','2018-06-12 17:45:00'),(16,15,'2018-06-13 16:20:00','2018-06-13 17:45:00'),(17,15,'2018-06-14 16:20:00','2018-06-14 17:45:00'),(18,15,'2018-06-15 16:20:00','2018-06-15 17:45:00'),(19,15,'2018-06-16 16:20:00','2018-06-16 17:45:00'),(20,15,'2018-06-17 16:20:00','2018-06-17 17:45:00'),(21,15,'2018-06-18 16:20:00','2018-06-18 17:45:00'),(22,15,'2018-06-19 16:20:00','2018-06-19 17:45:00'),(23,15,'2018-06-20 16:20:00','2018-06-20 17:45:00'),(24,15,'2018-06-21 16:20:00','2018-06-21 17:45:00'),(25,15,'2018-06-22 16:20:00','2018-06-22 17:45:00'),(26,15,'2018-06-23 16:20:00','2018-06-23 17:45:00'),(27,15,'2018-06-24 16:20:00','2018-06-24 17:45:00'),(28,15,'2018-06-25 16:20:00','2018-06-25 17:45:00'),(29,15,'2018-06-26 16:20:00','2018-06-26 17:45:00'),(30,15,'2018-06-27 16:20:00','2018-06-27 17:45:00'),(31,15,'2018-06-28 16:20:00','2018-06-28 17:45:00'),(32,15,'2018-06-29 16:20:00','2018-06-29 17:45:00'),(33,15,'2018-06-30 16:20:00','2018-06-30 17:45:00'),(34,16,'2018-06-01 19:15:00','2018-06-01 20:40:00'),(35,16,'2018-06-02 19:15:00','2018-06-02 20:40:00'),(36,16,'2018-06-03 19:15:00','2018-06-03 20:40:00'),(37,16,'2018-06-04 19:15:00','2018-06-04 20:40:00'),(38,16,'2018-06-05 19:15:00','2018-06-05 20:40:00'),(39,16,'2018-06-06 19:15:00','2018-06-06 20:40:00'),(40,16,'2018-06-07 19:15:00','2018-06-07 20:40:00'),(41,16,'2018-06-08 19:15:00','2018-06-08 20:40:00'),(42,16,'2018-06-09 19:15:00','2018-06-09 20:40:00'),(43,16,'2018-06-10 19:15:00','2018-06-10 20:40:00'),(44,16,'2018-06-11 19:15:00','2018-06-11 20:40:00'),(45,16,'2018-06-12 19:15:00','2018-06-12 20:40:00'),(46,16,'2018-06-13 19:15:00','2018-06-13 20:40:00'),(47,16,'2018-06-14 19:15:00','2018-06-14 20:40:00'),(48,16,'2018-06-15 19:15:00','2018-06-15 20:40:00'),(49,16,'2018-06-16 19:15:00','2018-06-16 20:40:00'),(50,16,'2018-06-17 19:15:00','2018-06-17 20:40:00'),(51,16,'2018-06-18 19:15:00','2018-06-18 20:40:00'),(52,16,'2018-06-19 19:15:00','2018-06-19 20:40:00'),(53,16,'2018-06-20 19:15:00','2018-06-20 20:40:00'),(54,16,'2018-06-21 19:15:00','2018-06-21 20:40:00'),(55,16,'2018-06-22 19:15:00','2018-06-22 20:40:00'),(56,16,'2018-06-23 19:15:00','2018-06-23 20:40:00'),(57,16,'2018-06-24 19:15:00','2018-06-24 20:40:00'),(58,16,'2018-06-25 19:15:00','2018-06-25 20:40:00'),(59,16,'2018-06-26 19:15:00','2018-06-26 20:40:00'),(60,16,'2018-06-27 19:15:00','2018-06-27 20:40:00'),(61,16,'2018-06-28 19:15:00','2018-06-28 20:40:00'),(62,16,'2018-06-29 19:15:00','2018-06-29 20:40:00'),(63,16,'2018-06-30 19:15:00','2018-06-30 20:40:00'),(64,17,'2018-06-01 10:45:00','2018-06-01 12:00:00'),(65,17,'2018-06-02 10:45:00','2018-06-02 12:00:00'),(66,17,'2018-06-03 10:45:00','2018-06-03 12:00:00'),(67,17,'2018-06-04 10:45:00','2018-06-04 12:00:00'),(68,17,'2018-06-05 10:45:00','2018-06-05 12:00:00'),(69,17,'2018-06-06 10:45:00','2018-06-06 12:00:00'),(70,17,'2018-06-07 10:45:00','2018-06-07 12:00:00'),(71,17,'2018-06-08 10:45:00','2018-06-08 12:00:00'),(72,17,'2018-06-09 10:45:00','2018-06-09 12:00:00'),(73,17,'2018-06-10 10:45:00','2018-06-10 12:00:00'),(74,17,'2018-06-11 10:45:00','2018-06-11 12:00:00'),(75,17,'2018-06-12 10:45:00','2018-06-12 12:00:00'),(76,17,'2018-06-13 10:45:00','2018-06-13 12:00:00'),(77,17,'2018-06-14 10:45:00','2018-06-14 12:00:00'),(78,17,'2018-06-15 10:45:00','2018-06-15 12:00:00'),(79,17,'2018-06-16 10:45:00','2018-06-16 12:00:00'),(80,17,'2018-06-17 10:45:00','2018-06-17 12:00:00'),(81,17,'2018-06-18 10:45:00','2018-06-18 12:00:00'),(82,17,'2018-06-19 10:45:00','2018-06-19 12:00:00'),(83,17,'2018-06-20 10:45:00','2018-06-20 12:00:00'),(84,17,'2018-06-21 10:45:00','2018-06-21 12:00:00'),(85,17,'2018-06-22 10:45:00','2018-06-22 12:00:00'),(86,17,'2018-06-23 10:45:00','2018-06-23 12:00:00'),(87,17,'2018-06-24 10:45:00','2018-06-24 12:00:00'),(88,17,'2018-06-25 10:45:00','2018-06-25 12:00:00'),(89,17,'2018-06-26 10:45:00','2018-06-26 12:00:00'),(90,17,'2018-06-27 10:45:00','2018-06-27 12:00:00'),(91,17,'2018-06-28 10:45:00','2018-06-28 12:00:00'),(92,17,'2018-06-29 10:45:00','2018-06-29 12:00:00'),(93,17,'2018-06-30 10:45:00','2018-06-30 12:00:00'),(94,18,'2018-06-01 07:00:00','2018-06-01 08:30:00'),(95,18,'2018-06-02 07:00:00','2018-06-02 08:30:00'),(96,18,'2018-06-03 07:00:00','2018-06-03 08:30:00'),(97,18,'2018-06-04 07:00:00','2018-06-04 08:30:00'),(98,18,'2018-06-05 07:00:00','2018-06-05 08:30:00'),(99,18,'2018-06-06 07:00:00','2018-06-06 08:30:00'),(100,18,'2018-06-07 07:00:00','2018-06-07 08:30:00'),(101,18,'2018-06-08 07:00:00','2018-06-08 08:30:00'),(102,18,'2018-06-09 07:00:00','2018-06-09 08:30:00'),(103,18,'2018-06-10 07:00:00','2018-06-10 08:30:00'),(104,18,'2018-06-11 07:00:00','2018-06-11 08:30:00'),(105,18,'2018-06-12 07:00:00','2018-06-12 08:30:00'),(106,18,'2018-06-13 07:00:00','2018-06-13 08:30:00'),(107,18,'2018-06-14 07:00:00','2018-06-14 08:30:00'),(108,18,'2018-06-15 07:00:00','2018-06-15 08:30:00'),(109,18,'2018-06-16 07:00:00','2018-06-16 08:30:00'),(110,18,'2018-06-17 07:00:00','2018-06-17 08:30:00'),(111,18,'2018-06-18 07:00:00','2018-06-18 08:30:00'),(112,18,'2018-06-19 07:00:00','2018-06-19 08:30:00'),(113,18,'2018-06-20 07:00:00','2018-06-20 08:30:00'),(114,18,'2018-06-21 07:00:00','2018-06-21 08:30:00'),(115,18,'2018-06-22 07:00:00','2018-06-22 08:30:00'),(116,18,'2018-06-23 07:00:00','2018-06-23 08:30:00'),(117,18,'2018-06-24 07:00:00','2018-06-24 08:30:00'),(118,18,'2018-06-25 07:00:00','2018-06-25 08:30:00'),(119,18,'2018-06-26 07:00:00','2018-06-26 08:30:00'),(120,18,'2018-06-27 07:00:00','2018-06-27 08:30:00'),(121,18,'2018-06-28 07:00:00','2018-06-28 08:30:00'),(122,18,'2018-06-29 07:00:00','2018-06-29 08:30:00'),(123,18,'2018-06-30 07:00:00','2018-06-30 08:30:00'),(124,19,'2018-06-01 17:55:00','2018-06-01 19:25:00'),(125,19,'2018-06-02 17:55:00','2018-06-02 19:25:00'),(126,19,'2018-06-03 17:55:00','2018-06-03 19:25:00'),(127,19,'2018-06-04 17:55:00','2018-06-04 19:25:00'),(128,19,'2018-06-05 17:55:00','2018-06-05 19:25:00'),(129,19,'2018-06-06 17:55:00','2018-06-06 19:25:00'),(130,19,'2018-06-07 17:55:00','2018-06-07 19:25:00'),(131,19,'2018-06-08 17:55:00','2018-06-08 19:25:00'),(132,19,'2018-06-09 17:55:00','2018-06-09 19:25:00'),(133,19,'2018-06-10 17:55:00','2018-06-10 19:25:00'),(134,19,'2018-06-11 17:55:00','2018-06-11 19:25:00'),(135,19,'2018-06-12 17:55:00','2018-06-12 19:25:00'),(136,19,'2018-06-13 17:55:00','2018-06-13 19:25:00'),(137,19,'2018-06-14 17:55:00','2018-06-14 19:25:00'),(138,19,'2018-06-15 17:55:00','2018-06-15 19:25:00'),(139,19,'2018-06-16 17:55:00','2018-06-16 19:25:00'),(140,19,'2018-06-17 17:55:00','2018-06-17 19:25:00'),(141,19,'2018-06-18 17:55:00','2018-06-18 19:25:00'),(142,19,'2018-06-19 17:55:00','2018-06-19 19:25:00'),(143,19,'2018-06-20 17:55:00','2018-06-20 19:25:00'),(144,19,'2018-06-21 17:55:00','2018-06-21 19:25:00'),(145,19,'2018-06-22 17:55:00','2018-06-22 19:25:00'),(146,19,'2018-06-23 17:55:00','2018-06-23 19:25:00'),(147,19,'2018-06-24 17:55:00','2018-06-24 19:25:00'),(148,19,'2018-06-25 17:55:00','2018-06-25 19:25:00'),(149,19,'2018-06-26 17:55:00','2018-06-26 19:25:00'),(150,19,'2018-06-27 17:55:00','2018-06-27 19:25:00'),(151,19,'2018-06-28 17:55:00','2018-06-28 19:25:00'),(152,19,'2018-06-29 17:55:00','2018-06-29 19:25:00'),(153,19,'2018-06-30 17:55:00','2018-06-30 19:25:00'),(154,20,'2018-06-01 21:00:00','2018-06-01 22:30:00'),(155,20,'2018-06-02 21:00:00','2018-06-02 22:30:00'),(156,20,'2018-06-03 21:00:00','2018-06-03 22:30:00'),(157,20,'2018-06-04 21:00:00','2018-06-04 22:30:00'),(158,20,'2018-06-05 21:00:00','2018-06-05 22:30:00'),(159,20,'2018-06-06 21:00:00','2018-06-06 22:30:00'),(160,20,'2018-06-07 21:00:00','2018-06-07 22:30:00'),(161,20,'2018-06-08 21:00:00','2018-06-08 22:30:00'),(162,20,'2018-06-09 21:00:00','2018-06-09 22:30:00'),(163,20,'2018-06-10 21:00:00','2018-06-10 22:30:00'),(164,20,'2018-06-11 21:00:00','2018-06-11 22:30:00'),(165,20,'2018-06-12 21:00:00','2018-06-12 22:30:00'),(166,20,'2018-06-13 21:00:00','2018-06-13 22:30:00'),(167,20,'2018-06-14 21:00:00','2018-06-14 22:30:00'),(168,20,'2018-06-15 21:00:00','2018-06-15 22:30:00'),(169,20,'2018-06-16 21:00:00','2018-06-16 22:30:00'),(170,20,'2018-06-17 21:00:00','2018-06-17 22:30:00'),(171,20,'2018-06-18 21:00:00','2018-06-18 22:30:00'),(172,20,'2018-06-19 21:00:00','2018-06-19 22:30:00'),(173,20,'2018-06-20 21:00:00','2018-06-20 22:30:00'),(174,20,'2018-06-21 21:00:00','2018-06-21 22:30:00'),(175,20,'2018-06-22 21:00:00','2018-06-22 22:30:00'),(176,20,'2018-06-23 21:00:00','2018-06-23 22:30:00'),(177,20,'2018-06-24 21:00:00','2018-06-24 22:30:00'),(178,20,'2018-06-25 21:00:00','2018-06-25 22:30:00'),(179,20,'2018-06-26 21:00:00','2018-06-26 22:30:00'),(180,20,'2018-06-27 21:00:00','2018-06-27 22:30:00'),(181,20,'2018-06-28 21:00:00','2018-06-28 22:30:00'),(182,20,'2018-06-29 21:00:00','2018-06-29 22:30:00'),(183,20,'2018-06-30 21:00:00','2018-06-30 22:30:00'),(184,21,'2018-06-01 10:10:00','2018-06-01 11:40:00'),(185,21,'2018-06-02 10:10:00','2018-06-02 11:40:00'),(186,21,'2018-06-03 10:10:00','2018-06-03 11:40:00'),(187,21,'2018-06-04 10:10:00','2018-06-04 11:40:00'),(188,21,'2018-06-05 10:10:00','2018-06-05 11:40:00'),(189,21,'2018-06-06 10:10:00','2018-06-06 11:40:00'),(190,21,'2018-06-07 10:10:00','2018-06-07 11:40:00'),(191,21,'2018-06-08 10:10:00','2018-06-08 11:40:00'),(192,21,'2018-06-09 10:10:00','2018-06-09 11:40:00'),(193,21,'2018-06-10 10:10:00','2018-06-10 11:40:00'),(194,21,'2018-06-11 10:10:00','2018-06-11 11:40:00'),(195,21,'2018-06-12 10:10:00','2018-06-12 11:40:00'),(196,21,'2018-06-13 10:10:00','2018-06-13 11:40:00'),(197,21,'2018-06-14 10:10:00','2018-06-14 11:40:00'),(198,21,'2018-06-15 10:10:00','2018-06-15 11:40:00'),(199,21,'2018-06-16 10:10:00','2018-06-16 11:40:00'),(200,21,'2018-06-17 10:10:00','2018-06-17 11:40:00'),(201,21,'2018-06-18 10:10:00','2018-06-18 11:40:00'),(202,21,'2018-06-19 10:10:00','2018-06-19 11:40:00'),(203,21,'2018-06-20 10:10:00','2018-06-20 11:40:00'),(204,21,'2018-06-21 10:10:00','2018-06-21 11:40:00'),(205,21,'2018-06-22 10:10:00','2018-06-22 11:40:00'),(206,21,'2018-06-23 10:10:00','2018-06-23 11:40:00'),(207,21,'2018-06-24 10:10:00','2018-06-24 11:40:00'),(208,21,'2018-06-25 10:10:00','2018-06-25 11:40:00'),(209,21,'2018-06-26 10:10:00','2018-06-26 11:40:00'),(210,21,'2018-06-27 10:10:00','2018-06-27 11:40:00'),(211,21,'2018-06-28 10:10:00','2018-06-28 11:40:00'),(212,21,'2018-06-29 10:10:00','2018-06-29 11:40:00'),(213,21,'2018-06-30 10:10:00','2018-06-30 11:40:00'),(214,22,'2018-06-01 12:40:00','2018-06-01 17:55:00'),(215,22,'2018-06-02 12:40:00','2018-06-02 17:55:00'),(216,22,'2018-06-03 12:40:00','2018-06-03 17:55:00'),(217,22,'2018-06-04 12:40:00','2018-06-04 17:55:00'),(218,22,'2018-06-05 12:40:00','2018-06-05 17:55:00'),(219,22,'2018-06-06 12:40:00','2018-06-06 17:55:00'),(220,22,'2018-06-07 12:40:00','2018-06-07 17:55:00'),(221,22,'2018-06-08 12:40:00','2018-06-08 17:55:00'),(222,22,'2018-06-09 12:40:00','2018-06-09 17:55:00'),(223,22,'2018-06-10 12:40:00','2018-06-10 17:55:00'),(224,22,'2018-06-11 12:40:00','2018-06-11 17:55:00'),(225,22,'2018-06-12 12:40:00','2018-06-12 17:55:00'),(226,22,'2018-06-13 12:40:00','2018-06-13 17:55:00'),(227,22,'2018-06-14 12:40:00','2018-06-14 17:55:00'),(228,22,'2018-06-15 12:40:00','2018-06-15 17:55:00'),(229,22,'2018-06-16 12:40:00','2018-06-16 17:55:00'),(230,22,'2018-06-17 12:40:00','2018-06-17 17:55:00'),(231,22,'2018-06-18 12:40:00','2018-06-18 17:55:00'),(232,22,'2018-06-19 12:40:00','2018-06-19 17:55:00'),(233,22,'2018-06-20 12:40:00','2018-06-20 17:55:00'),(234,22,'2018-06-21 12:40:00','2018-06-21 17:55:00'),(235,22,'2018-06-22 12:40:00','2018-06-22 17:55:00'),(236,22,'2018-06-23 12:40:00','2018-06-23 17:55:00'),(237,22,'2018-06-24 12:40:00','2018-06-24 17:55:00'),(238,22,'2018-06-25 12:40:00','2018-06-25 17:55:00'),(239,22,'2018-06-26 12:40:00','2018-06-26 17:55:00'),(240,22,'2018-06-27 12:40:00','2018-06-27 17:55:00'),(241,22,'2018-06-28 12:40:00','2018-06-28 17:55:00'),(242,22,'2018-06-29 12:40:00','2018-06-29 17:55:00'),(243,22,'2018-06-30 12:40:00','2018-06-30 17:55:00'),(244,23,'2018-06-01 06:40:00','2018-06-01 08:05:00'),(245,23,'2018-06-02 06:40:00','2018-06-02 08:05:00'),(246,23,'2018-06-03 06:40:00','2018-06-03 08:05:00'),(247,23,'2018-06-04 06:40:00','2018-06-04 08:05:00'),(248,23,'2018-06-05 06:40:00','2018-06-05 08:05:00'),(249,23,'2018-06-06 06:40:00','2018-06-06 08:05:00'),(250,23,'2018-06-07 06:40:00','2018-06-07 08:05:00'),(251,23,'2018-06-08 06:40:00','2018-06-08 08:05:00'),(252,23,'2018-06-09 06:40:00','2018-06-09 08:05:00'),(253,23,'2018-06-10 06:40:00','2018-06-10 08:05:00'),(254,23,'2018-06-11 06:40:00','2018-06-11 08:05:00'),(255,23,'2018-06-12 06:40:00','2018-06-12 08:05:00'),(256,23,'2018-06-13 06:40:00','2018-06-13 08:05:00'),(257,23,'2018-06-14 06:40:00','2018-06-14 08:05:00'),(258,23,'2018-06-15 06:40:00','2018-06-15 08:05:00'),(259,23,'2018-06-16 06:40:00','2018-06-16 08:05:00'),(260,23,'2018-06-17 06:40:00','2018-06-17 08:05:00'),(261,23,'2018-06-18 06:40:00','2018-06-18 08:05:00'),(262,23,'2018-06-19 06:40:00','2018-06-19 08:05:00'),(263,23,'2018-06-20 06:40:00','2018-06-20 08:05:00'),(264,23,'2018-06-21 06:40:00','2018-06-21 08:05:00'),(265,23,'2018-06-22 06:40:00','2018-06-22 08:05:00'),(266,23,'2018-06-23 06:40:00','2018-06-23 08:05:00'),(267,23,'2018-06-24 06:40:00','2018-06-24 08:05:00'),(268,23,'2018-06-25 06:40:00','2018-06-25 08:05:00'),(269,23,'2018-06-26 06:40:00','2018-06-26 08:05:00'),(270,23,'2018-06-27 06:40:00','2018-06-27 08:05:00'),(271,23,'2018-06-28 06:40:00','2018-06-28 08:05:00'),(272,23,'2018-06-29 06:40:00','2018-06-29 08:05:00'),(273,23,'2018-06-30 06:40:00','2018-06-30 08:05:00'),(274,24,'2018-06-01 12:15:00','2018-06-01 13:40:00'),(275,24,'2018-06-02 12:15:00','2018-06-02 13:40:00'),(276,24,'2018-06-03 12:15:00','2018-06-03 13:40:00'),(277,24,'2018-06-04 12:15:00','2018-06-04 13:40:00'),(278,24,'2018-06-05 12:15:00','2018-06-05 13:40:00'),(279,24,'2018-06-06 12:15:00','2018-06-06 13:40:00'),(280,24,'2018-06-07 12:15:00','2018-06-07 13:40:00'),(281,24,'2018-06-08 12:15:00','2018-06-08 13:40:00'),(282,24,'2018-06-09 12:15:00','2018-06-09 13:40:00'),(283,24,'2018-06-10 12:15:00','2018-06-10 13:40:00'),(284,24,'2018-06-11 12:15:00','2018-06-11 13:40:00'),(285,24,'2018-06-12 12:15:00','2018-06-12 13:40:00'),(286,24,'2018-06-13 12:15:00','2018-06-13 13:40:00'),(287,24,'2018-06-14 12:15:00','2018-06-14 13:40:00'),(288,24,'2018-06-15 12:15:00','2018-06-15 13:40:00'),(289,24,'2018-06-16 12:15:00','2018-06-16 13:40:00'),(290,24,'2018-06-17 12:15:00','2018-06-17 13:40:00'),(291,24,'2018-06-18 12:15:00','2018-06-18 13:40:00'),(292,24,'2018-06-19 12:15:00','2018-06-19 13:40:00'),(293,24,'2018-06-20 12:15:00','2018-06-20 13:40:00'),(294,24,'2018-06-21 12:15:00','2018-06-21 13:40:00'),(295,24,'2018-06-22 12:15:00','2018-06-22 13:40:00'),(296,24,'2018-06-23 12:15:00','2018-06-23 13:40:00'),(297,24,'2018-06-24 12:15:00','2018-06-24 13:40:00'),(298,24,'2018-06-25 12:15:00','2018-06-25 13:40:00'),(299,24,'2018-06-26 12:15:00','2018-06-26 13:40:00'),(300,24,'2018-06-27 12:15:00','2018-06-27 13:40:00'),(301,24,'2018-06-28 12:15:00','2018-06-28 13:40:00'),(302,24,'2018-06-29 12:15:00','2018-06-29 13:40:00'),(303,24,'2018-06-30 12:15:00','2018-06-30 13:40:00'),(304,25,'2018-06-01 21:00:00','2018-06-01 22:30:00'),(305,25,'2018-06-02 21:00:00','2018-06-02 22:30:00'),(306,25,'2018-06-03 21:00:00','2018-06-03 22:30:00'),(307,25,'2018-06-04 21:00:00','2018-06-04 22:30:00'),(308,25,'2018-06-05 21:00:00','2018-06-05 22:30:00'),(309,25,'2018-06-06 21:00:00','2018-06-06 22:30:00'),(310,25,'2018-06-07 21:00:00','2018-06-07 22:30:00'),(311,25,'2018-06-08 21:00:00','2018-06-08 22:30:00'),(312,25,'2018-06-09 21:00:00','2018-06-09 22:30:00'),(313,25,'2018-06-10 21:00:00','2018-06-10 22:30:00'),(314,25,'2018-06-11 21:00:00','2018-06-11 22:30:00'),(315,25,'2018-06-12 21:00:00','2018-06-12 22:30:00'),(316,25,'2018-06-13 21:00:00','2018-06-13 22:30:00'),(317,25,'2018-06-14 21:00:00','2018-06-14 22:30:00'),(318,25,'2018-06-15 21:00:00','2018-06-15 22:30:00'),(319,25,'2018-06-16 21:00:00','2018-06-16 22:30:00'),(320,25,'2018-06-17 21:00:00','2018-06-17 22:30:00'),(321,25,'2018-06-18 21:00:00','2018-06-18 22:30:00'),(322,25,'2018-06-19 21:00:00','2018-06-19 22:30:00'),(323,25,'2018-06-20 21:00:00','2018-06-20 22:30:00'),(324,25,'2018-06-21 21:00:00','2018-06-21 22:30:00'),(325,25,'2018-06-22 21:00:00','2018-06-22 22:30:00'),(326,25,'2018-06-23 21:00:00','2018-06-23 22:30:00'),(327,25,'2018-06-24 21:00:00','2018-06-24 22:30:00'),(328,25,'2018-06-25 21:00:00','2018-06-25 22:30:00'),(329,25,'2018-06-26 21:00:00','2018-06-26 22:30:00'),(330,25,'2018-06-27 21:00:00','2018-06-27 22:30:00'),(331,25,'2018-06-28 21:00:00','2018-06-28 22:30:00'),(332,25,'2018-06-29 21:00:00','2018-06-29 22:30:00'),(333,25,'2018-06-30 21:00:00','2018-06-30 22:30:00'),(334,26,'2018-06-01 09:55:00','2018-06-01 11:25:00'),(335,26,'2018-06-02 09:55:00','2018-06-02 11:25:00'),(336,26,'2018-06-03 09:55:00','2018-06-03 11:25:00'),(337,26,'2018-06-04 09:55:00','2018-06-04 11:25:00'),(338,26,'2018-06-05 09:55:00','2018-06-05 11:25:00'),(339,26,'2018-06-06 09:55:00','2018-06-06 11:25:00'),(340,26,'2018-06-07 09:55:00','2018-06-07 11:25:00'),(341,26,'2018-06-08 09:55:00','2018-06-08 11:25:00'),(342,26,'2018-06-09 09:55:00','2018-06-09 11:25:00'),(343,26,'2018-06-10 09:55:00','2018-06-10 11:25:00'),(344,26,'2018-06-11 09:55:00','2018-06-11 11:25:00'),(345,26,'2018-06-12 09:55:00','2018-06-12 11:25:00'),(346,26,'2018-06-13 09:55:00','2018-06-13 11:25:00'),(347,26,'2018-06-14 09:55:00','2018-06-14 11:25:00'),(348,26,'2018-06-15 09:55:00','2018-06-15 11:25:00'),(349,26,'2018-06-16 09:55:00','2018-06-16 11:25:00'),(350,26,'2018-06-17 09:55:00','2018-06-17 11:25:00'),(351,26,'2018-06-18 09:55:00','2018-06-18 11:25:00'),(352,26,'2018-06-19 09:55:00','2018-06-19 11:25:00'),(353,26,'2018-06-20 09:55:00','2018-06-20 11:25:00'),(354,26,'2018-06-21 09:55:00','2018-06-21 11:25:00'),(355,26,'2018-06-22 09:55:00','2018-06-22 11:25:00'),(356,26,'2018-06-23 09:55:00','2018-06-23 11:25:00'),(357,26,'2018-06-24 09:55:00','2018-06-24 11:25:00'),(358,26,'2018-06-25 09:55:00','2018-06-25 11:25:00'),(359,26,'2018-06-26 09:55:00','2018-06-26 11:25:00'),(360,26,'2018-06-27 09:55:00','2018-06-27 11:25:00'),(361,26,'2018-06-28 09:55:00','2018-06-28 11:25:00'),(362,26,'2018-06-29 09:55:00','2018-06-29 11:25:00'),(363,26,'2018-06-30 09:55:00','2018-06-30 11:25:00'),(364,27,'2018-06-01 15:45:00','2018-06-01 17:15:00'),(365,27,'2018-06-02 15:45:00','2018-06-02 17:15:00'),(366,27,'2018-06-03 15:45:00','2018-06-03 17:15:00'),(367,27,'2018-06-04 15:45:00','2018-06-04 17:15:00'),(368,27,'2018-06-05 15:45:00','2018-06-05 17:15:00'),(369,27,'2018-06-06 15:45:00','2018-06-06 17:15:00'),(370,27,'2018-06-07 15:45:00','2018-06-07 17:15:00'),(371,27,'2018-06-08 15:45:00','2018-06-08 17:15:00'),(372,27,'2018-06-09 15:45:00','2018-06-09 17:15:00'),(373,27,'2018-06-10 15:45:00','2018-06-10 17:15:00'),(374,27,'2018-06-11 15:45:00','2018-06-11 17:15:00'),(375,27,'2018-06-12 15:45:00','2018-06-12 17:15:00'),(376,27,'2018-06-13 15:45:00','2018-06-13 17:15:00'),(377,27,'2018-06-14 15:45:00','2018-06-14 17:15:00'),(378,27,'2018-06-15 15:45:00','2018-06-15 17:15:00'),(379,27,'2018-06-16 15:45:00','2018-06-16 17:15:00'),(380,27,'2018-06-17 15:45:00','2018-06-17 17:15:00'),(381,27,'2018-06-18 15:45:00','2018-06-18 17:15:00'),(382,27,'2018-06-19 15:45:00','2018-06-19 17:15:00'),(383,27,'2018-06-20 15:45:00','2018-06-20 17:15:00'),(384,27,'2018-06-21 15:45:00','2018-06-21 17:15:00'),(385,27,'2018-06-22 15:45:00','2018-06-22 17:15:00'),(386,27,'2018-06-23 15:45:00','2018-06-23 17:15:00'),(387,27,'2018-06-24 15:45:00','2018-06-24 17:15:00'),(388,27,'2018-06-25 15:45:00','2018-06-25 17:15:00'),(389,27,'2018-06-26 15:45:00','2018-06-26 17:15:00'),(390,27,'2018-06-27 15:45:00','2018-06-27 17:15:00'),(391,27,'2018-06-28 15:45:00','2018-06-28 17:15:00'),(392,27,'2018-06-29 15:45:00','2018-06-29 17:15:00'),(393,27,'2018-06-30 15:45:00','2018-06-30 17:15:00'),(394,28,'2018-06-01 20:30:00','2018-06-01 21:55:00'),(395,28,'2018-06-02 20:30:00','2018-06-02 21:55:00'),(396,28,'2018-06-03 20:30:00','2018-06-03 21:55:00'),(397,28,'2018-06-04 20:30:00','2018-06-04 21:55:00'),(398,28,'2018-06-05 20:30:00','2018-06-05 21:55:00'),(399,28,'2018-06-06 20:30:00','2018-06-06 21:55:00'),(400,28,'2018-06-07 20:30:00','2018-06-07 21:55:00'),(401,28,'2018-06-08 20:30:00','2018-06-08 21:55:00'),(402,28,'2018-06-09 20:30:00','2018-06-09 21:55:00'),(403,28,'2018-06-10 20:30:00','2018-06-10 21:55:00'),(404,28,'2018-06-11 20:30:00','2018-06-11 21:55:00'),(405,28,'2018-06-12 20:30:00','2018-06-12 21:55:00'),(406,28,'2018-06-13 20:30:00','2018-06-13 21:55:00'),(407,28,'2018-06-14 20:30:00','2018-06-14 21:55:00'),(408,28,'2018-06-15 20:30:00','2018-06-15 21:55:00'),(409,28,'2018-06-16 20:30:00','2018-06-16 21:55:00'),(410,28,'2018-06-17 20:30:00','2018-06-17 21:55:00'),(411,28,'2018-06-18 20:30:00','2018-06-18 21:55:00'),(412,28,'2018-06-19 20:30:00','2018-06-19 21:55:00'),(413,28,'2018-06-20 20:30:00','2018-06-20 21:55:00'),(414,28,'2018-06-21 20:30:00','2018-06-21 21:55:00'),(415,28,'2018-06-22 20:30:00','2018-06-22 21:55:00'),(416,28,'2018-06-23 20:30:00','2018-06-23 21:55:00'),(417,28,'2018-06-24 20:30:00','2018-06-24 21:55:00'),(418,28,'2018-06-25 20:30:00','2018-06-25 21:55:00'),(419,28,'2018-06-26 20:30:00','2018-06-26 21:55:00'),(420,28,'2018-06-27 20:30:00','2018-06-27 21:55:00'),(421,28,'2018-06-28 20:30:00','2018-06-28 21:55:00'),(422,28,'2018-06-29 20:30:00','2018-06-29 21:55:00'),(423,28,'2018-06-30 20:30:00','2018-06-30 21:55:00'),(424,29,'2018-06-01 10:20:00','2018-06-01 12:25:00'),(425,29,'2018-06-02 10:20:00','2018-06-02 12:25:00'),(426,29,'2018-06-03 10:20:00','2018-06-03 12:25:00'),(427,29,'2018-06-04 10:20:00','2018-06-04 12:25:00'),(428,29,'2018-06-05 10:20:00','2018-06-05 12:25:00'),(429,29,'2018-06-06 10:20:00','2018-06-06 12:25:00'),(430,29,'2018-06-07 10:20:00','2018-06-07 12:25:00'),(431,29,'2018-06-08 10:20:00','2018-06-08 12:25:00'),(432,29,'2018-06-09 10:20:00','2018-06-09 12:25:00'),(433,29,'2018-06-10 10:20:00','2018-06-10 12:25:00'),(434,29,'2018-06-11 10:20:00','2018-06-11 12:25:00'),(435,29,'2018-06-12 10:20:00','2018-06-12 12:25:00'),(436,29,'2018-06-13 10:20:00','2018-06-13 12:25:00'),(437,29,'2018-06-14 10:20:00','2018-06-14 12:25:00'),(438,29,'2018-06-15 10:20:00','2018-06-15 12:25:00'),(439,29,'2018-06-16 10:20:00','2018-06-16 12:25:00'),(440,29,'2018-06-17 10:20:00','2018-06-17 12:25:00'),(441,29,'2018-06-18 10:20:00','2018-06-18 12:25:00'),(442,29,'2018-06-19 10:20:00','2018-06-19 12:25:00'),(443,29,'2018-06-20 10:20:00','2018-06-20 12:25:00'),(444,29,'2018-06-21 10:20:00','2018-06-21 12:25:00'),(445,29,'2018-06-22 10:20:00','2018-06-22 12:25:00'),(446,29,'2018-06-23 10:20:00','2018-06-23 12:25:00'),(447,29,'2018-06-24 10:20:00','2018-06-24 12:25:00'),(448,29,'2018-06-25 10:20:00','2018-06-25 12:25:00'),(449,29,'2018-06-26 10:20:00','2018-06-26 12:25:00'),(450,29,'2018-06-27 10:20:00','2018-06-27 12:25:00'),(451,29,'2018-06-28 10:20:00','2018-06-28 12:25:00'),(452,29,'2018-06-29 10:20:00','2018-06-29 12:25:00'),(453,29,'2018-06-30 10:20:00','2018-06-30 12:25:00'),(454,30,'2018-06-01 15:55:00','2018-06-01 17:55:00'),(455,30,'2018-06-02 15:55:00','2018-06-02 17:55:00'),(456,30,'2018-06-03 15:55:00','2018-06-03 17:55:00'),(457,30,'2018-06-04 15:55:00','2018-06-04 17:55:00'),(458,30,'2018-06-05 15:55:00','2018-06-05 17:55:00'),(459,30,'2018-06-06 15:55:00','2018-06-06 17:55:00'),(460,30,'2018-06-07 15:55:00','2018-06-07 17:55:00'),(461,30,'2018-06-08 15:55:00','2018-06-08 17:55:00'),(462,30,'2018-06-09 15:55:00','2018-06-09 17:55:00'),(463,30,'2018-06-10 15:55:00','2018-06-10 17:55:00'),(464,30,'2018-06-11 15:55:00','2018-06-11 17:55:00'),(465,30,'2018-06-12 15:55:00','2018-06-12 17:55:00'),(466,30,'2018-06-13 15:55:00','2018-06-13 17:55:00'),(467,30,'2018-06-14 15:55:00','2018-06-14 17:55:00'),(468,30,'2018-06-15 15:55:00','2018-06-15 17:55:00'),(469,30,'2018-06-16 15:55:00','2018-06-16 17:55:00'),(470,30,'2018-06-17 15:55:00','2018-06-17 17:55:00'),(471,30,'2018-06-18 15:55:00','2018-06-18 17:55:00'),(472,30,'2018-06-19 15:55:00','2018-06-19 17:55:00'),(473,30,'2018-06-20 15:55:00','2018-06-20 17:55:00'),(474,30,'2018-06-21 15:55:00','2018-06-21 17:55:00'),(475,30,'2018-06-22 15:55:00','2018-06-22 17:55:00'),(476,30,'2018-06-23 15:55:00','2018-06-23 17:55:00'),(477,30,'2018-06-24 15:55:00','2018-06-24 17:55:00'),(478,30,'2018-06-25 15:55:00','2018-06-25 17:55:00'),(479,30,'2018-06-26 15:55:00','2018-06-26 17:55:00'),(480,30,'2018-06-27 15:55:00','2018-06-27 17:55:00'),(481,30,'2018-06-28 15:55:00','2018-06-28 17:55:00'),(482,30,'2018-06-29 15:55:00','2018-06-29 17:55:00'),(483,30,'2018-06-30 15:55:00','2018-06-30 17:55:00'),(484,31,'2018-06-01 10:00:00','2018-06-01 12:00:00'),(485,31,'2018-06-02 10:00:00','2018-06-02 12:00:00'),(486,31,'2018-06-03 10:00:00','2018-06-03 12:00:00'),(487,31,'2018-06-04 10:00:00','2018-06-04 12:00:00'),(488,31,'2018-06-05 10:00:00','2018-06-05 12:00:00'),(489,31,'2018-06-06 10:00:00','2018-06-06 12:00:00'),(490,31,'2018-06-07 10:00:00','2018-06-07 12:00:00'),(491,31,'2018-06-08 10:00:00','2018-06-08 12:00:00'),(492,31,'2018-06-09 10:00:00','2018-06-09 12:00:00'),(493,31,'2018-06-10 10:00:00','2018-06-10 12:00:00'),(494,31,'2018-06-11 10:00:00','2018-06-11 12:00:00'),(495,31,'2018-06-12 10:00:00','2018-06-12 12:00:00'),(496,31,'2018-06-13 10:00:00','2018-06-13 12:00:00'),(497,31,'2018-06-14 10:00:00','2018-06-14 12:00:00'),(498,31,'2018-06-15 10:00:00','2018-06-15 12:00:00'),(499,31,'2018-06-16 10:00:00','2018-06-16 12:00:00'),(500,31,'2018-06-17 10:00:00','2018-06-17 12:00:00'),(501,31,'2018-06-18 10:00:00','2018-06-18 12:00:00'),(502,31,'2018-06-19 10:00:00','2018-06-19 12:00:00'),(503,31,'2018-06-20 10:00:00','2018-06-20 12:00:00'),(504,31,'2018-06-21 10:00:00','2018-06-21 12:00:00'),(505,31,'2018-06-22 10:00:00','2018-06-22 12:00:00'),(506,31,'2018-06-23 10:00:00','2018-06-23 12:00:00'),(507,31,'2018-06-24 10:00:00','2018-06-24 12:00:00'),(508,31,'2018-06-25 10:00:00','2018-06-25 12:00:00'),(509,31,'2018-06-26 10:00:00','2018-06-26 12:00:00'),(510,31,'2018-06-27 10:00:00','2018-06-27 12:00:00'),(511,31,'2018-06-28 10:00:00','2018-06-28 12:00:00'),(512,31,'2018-06-29 10:00:00','2018-06-29 12:00:00'),(513,31,'2018-06-30 10:00:00','2018-06-30 12:00:00'),(514,32,'2018-06-01 13:35:00','2018-06-01 19:25:00'),(515,32,'2018-06-02 13:35:00','2018-06-02 19:25:00'),(516,32,'2018-06-03 13:35:00','2018-06-03 19:25:00'),(517,32,'2018-06-04 13:35:00','2018-06-04 19:25:00'),(518,32,'2018-06-05 13:35:00','2018-06-05 19:25:00'),(519,32,'2018-06-06 13:35:00','2018-06-06 19:25:00'),(520,32,'2018-06-07 13:35:00','2018-06-07 19:25:00'),(521,32,'2018-06-08 13:35:00','2018-06-08 19:25:00'),(522,32,'2018-06-09 13:35:00','2018-06-09 19:25:00'),(523,32,'2018-06-10 13:35:00','2018-06-10 19:25:00'),(524,32,'2018-06-11 13:35:00','2018-06-11 19:25:00'),(525,32,'2018-06-12 13:35:00','2018-06-12 19:25:00'),(526,32,'2018-06-13 13:35:00','2018-06-13 19:25:00'),(527,32,'2018-06-14 13:35:00','2018-06-14 19:25:00'),(528,32,'2018-06-15 13:35:00','2018-06-15 19:25:00'),(529,32,'2018-06-16 13:35:00','2018-06-16 19:25:00'),(530,32,'2018-06-17 13:35:00','2018-06-17 19:25:00'),(531,32,'2018-06-18 13:35:00','2018-06-18 19:25:00'),(532,32,'2018-06-19 13:35:00','2018-06-19 19:25:00'),(533,32,'2018-06-20 13:35:00','2018-06-20 19:25:00'),(534,32,'2018-06-21 13:35:00','2018-06-21 19:25:00'),(535,32,'2018-06-22 13:35:00','2018-06-22 19:25:00'),(536,32,'2018-06-23 13:35:00','2018-06-23 19:25:00'),(537,32,'2018-06-24 13:35:00','2018-06-24 19:25:00'),(538,32,'2018-06-25 13:35:00','2018-06-25 19:25:00'),(539,32,'2018-06-26 13:35:00','2018-06-26 19:25:00'),(540,32,'2018-06-27 13:35:00','2018-06-27 19:25:00'),(541,32,'2018-06-28 13:35:00','2018-06-28 19:25:00'),(542,32,'2018-06-29 13:35:00','2018-06-29 19:25:00'),(543,32,'2018-06-30 13:35:00','2018-06-30 19:25:00'),(544,33,'2018-06-01 15:20:00','2018-06-01 21:05:00'),(545,33,'2018-06-02 15:20:00','2018-06-02 21:05:00'),(546,33,'2018-06-03 15:20:00','2018-06-03 21:05:00'),(547,33,'2018-06-04 15:20:00','2018-06-04 21:05:00'),(548,33,'2018-06-05 15:20:00','2018-06-05 21:05:00'),(549,33,'2018-06-06 15:20:00','2018-06-06 21:05:00'),(550,33,'2018-06-07 15:20:00','2018-06-07 21:05:00'),(551,33,'2018-06-08 15:20:00','2018-06-08 21:05:00'),(552,33,'2018-06-09 15:20:00','2018-06-09 21:05:00'),(553,33,'2018-06-10 15:20:00','2018-06-10 21:05:00'),(554,33,'2018-06-11 15:20:00','2018-06-11 21:05:00'),(555,33,'2018-06-12 15:20:00','2018-06-12 21:05:00'),(556,33,'2018-06-13 15:20:00','2018-06-13 21:05:00'),(557,33,'2018-06-14 15:20:00','2018-06-14 21:05:00'),(558,33,'2018-06-15 15:20:00','2018-06-15 21:05:00'),(559,33,'2018-06-16 15:20:00','2018-06-16 21:05:00'),(560,33,'2018-06-17 15:20:00','2018-06-17 21:05:00'),(561,33,'2018-06-18 15:20:00','2018-06-18 21:05:00'),(562,33,'2018-06-19 15:20:00','2018-06-19 21:05:00'),(563,33,'2018-06-20 15:20:00','2018-06-20 21:05:00'),(564,33,'2018-06-21 15:20:00','2018-06-21 21:05:00'),(565,33,'2018-06-22 15:20:00','2018-06-22 21:05:00'),(566,33,'2018-06-23 15:20:00','2018-06-23 21:05:00'),(567,33,'2018-06-24 15:20:00','2018-06-24 21:05:00'),(568,33,'2018-06-25 15:20:00','2018-06-25 21:05:00'),(569,33,'2018-06-26 15:20:00','2018-06-26 21:05:00'),(570,33,'2018-06-27 15:20:00','2018-06-27 21:05:00'),(571,33,'2018-06-28 15:20:00','2018-06-28 21:05:00'),(572,33,'2018-06-29 15:20:00','2018-06-29 21:05:00'),(573,33,'2018-06-30 15:20:00','2018-06-30 21:05:00'),(574,34,'2018-06-01 17:45:00','2018-06-01 23:20:00'),(575,34,'2018-06-02 17:45:00','2018-06-02 23:20:00'),(576,34,'2018-06-03 17:45:00','2018-06-03 23:20:00'),(577,34,'2018-06-04 17:45:00','2018-06-04 23:20:00'),(578,34,'2018-06-05 17:45:00','2018-06-05 23:20:00'),(579,34,'2018-06-06 17:45:00','2018-06-06 23:20:00'),(580,34,'2018-06-07 17:45:00','2018-06-07 23:20:00'),(581,34,'2018-06-08 17:45:00','2018-06-08 23:20:00'),(582,34,'2018-06-09 17:45:00','2018-06-09 23:20:00'),(583,34,'2018-06-10 17:45:00','2018-06-10 23:20:00'),(584,34,'2018-06-11 17:45:00','2018-06-11 23:20:00'),(585,34,'2018-06-12 17:45:00','2018-06-12 23:20:00'),(586,34,'2018-06-13 17:45:00','2018-06-13 23:20:00'),(587,34,'2018-06-14 17:45:00','2018-06-14 23:20:00'),(588,34,'2018-06-15 17:45:00','2018-06-15 23:20:00'),(589,34,'2018-06-16 17:45:00','2018-06-16 23:20:00'),(590,34,'2018-06-17 17:45:00','2018-06-17 23:20:00'),(591,34,'2018-06-18 17:45:00','2018-06-18 23:20:00'),(592,34,'2018-06-19 17:45:00','2018-06-19 23:20:00'),(593,34,'2018-06-20 17:45:00','2018-06-20 23:20:00'),(594,34,'2018-06-21 17:45:00','2018-06-21 23:20:00'),(595,34,'2018-06-22 17:45:00','2018-06-22 23:20:00'),(596,34,'2018-06-23 17:45:00','2018-06-23 23:20:00'),(597,34,'2018-06-24 17:45:00','2018-06-24 23:20:00'),(598,34,'2018-06-25 17:45:00','2018-06-25 23:20:00'),(599,34,'2018-06-26 17:45:00','2018-06-26 23:20:00'),(600,34,'2018-06-27 17:45:00','2018-06-27 23:20:00'),(601,34,'2018-06-28 17:45:00','2018-06-28 23:20:00'),(602,34,'2018-06-29 17:45:00','2018-06-29 23:20:00'),(603,34,'2018-06-30 17:45:00','2018-06-30 23:20:00'),(604,35,'2018-06-01 13:05:00','2018-06-01 18:55:00'),(605,35,'2018-06-02 13:05:00','2018-06-02 18:55:00'),(606,35,'2018-06-03 13:05:00','2018-06-03 18:55:00'),(607,35,'2018-06-04 13:05:00','2018-06-04 18:55:00'),(608,35,'2018-06-05 13:05:00','2018-06-05 18:55:00'),(609,35,'2018-06-06 13:05:00','2018-06-06 18:55:00'),(610,35,'2018-06-07 13:05:00','2018-06-07 18:55:00'),(611,35,'2018-06-08 13:05:00','2018-06-08 18:55:00'),(612,35,'2018-06-09 13:05:00','2018-06-09 18:55:00'),(613,35,'2018-06-10 13:05:00','2018-06-10 18:55:00'),(614,35,'2018-06-11 13:05:00','2018-06-11 18:55:00'),(615,35,'2018-06-12 13:05:00','2018-06-12 18:55:00'),(616,35,'2018-06-13 13:05:00','2018-06-13 18:55:00'),(617,35,'2018-06-14 13:05:00','2018-06-14 18:55:00'),(618,35,'2018-06-15 13:05:00','2018-06-15 18:55:00'),(619,35,'2018-06-16 13:05:00','2018-06-16 18:55:00'),(620,35,'2018-06-17 13:05:00','2018-06-17 18:55:00'),(621,35,'2018-06-18 13:05:00','2018-06-18 18:55:00'),(622,35,'2018-06-19 13:05:00','2018-06-19 18:55:00'),(623,35,'2018-06-20 13:05:00','2018-06-20 18:55:00'),(624,35,'2018-06-21 13:05:00','2018-06-21 18:55:00'),(625,35,'2018-06-22 13:05:00','2018-06-22 18:55:00'),(626,35,'2018-06-23 13:05:00','2018-06-23 18:55:00'),(627,35,'2018-06-24 13:05:00','2018-06-24 18:55:00'),(628,35,'2018-06-25 13:05:00','2018-06-25 18:55:00'),(629,35,'2018-06-26 13:05:00','2018-06-26 18:55:00'),(630,35,'2018-06-27 13:05:00','2018-06-27 18:55:00'),(631,35,'2018-06-28 13:05:00','2018-06-28 18:55:00'),(632,35,'2018-06-29 13:05:00','2018-06-29 18:55:00'),(633,35,'2018-06-30 13:05:00','2018-06-30 18:55:00'),(634,36,'2018-06-01 00:15:00','2018-06-01 01:45:00'),(635,36,'2018-06-02 00:15:00','2018-06-02 01:45:00'),(636,36,'2018-06-03 00:15:00','2018-06-03 01:45:00'),(637,36,'2018-06-04 00:15:00','2018-06-04 01:45:00'),(638,36,'2018-06-05 00:15:00','2018-06-05 01:45:00'),(639,36,'2018-06-06 00:15:00','2018-06-06 01:45:00'),(640,36,'2018-06-07 00:15:00','2018-06-07 01:45:00'),(641,36,'2018-06-08 00:15:00','2018-06-08 01:45:00'),(642,36,'2018-06-09 00:15:00','2018-06-09 01:45:00'),(643,36,'2018-06-10 00:15:00','2018-06-10 01:45:00'),(644,36,'2018-06-11 00:15:00','2018-06-11 01:45:00'),(645,36,'2018-06-12 00:15:00','2018-06-12 01:45:00'),(646,36,'2018-06-13 00:15:00','2018-06-13 01:45:00'),(647,36,'2018-06-14 00:15:00','2018-06-14 01:45:00'),(648,36,'2018-06-15 00:15:00','2018-06-15 01:45:00'),(649,36,'2018-06-16 00:15:00','2018-06-16 01:45:00'),(650,36,'2018-06-17 00:15:00','2018-06-17 01:45:00'),(651,36,'2018-06-18 00:15:00','2018-06-18 01:45:00'),(652,36,'2018-06-19 00:15:00','2018-06-19 01:45:00'),(653,36,'2018-06-20 00:15:00','2018-06-20 01:45:00'),(654,36,'2018-06-21 00:15:00','2018-06-21 01:45:00'),(655,36,'2018-06-22 00:15:00','2018-06-22 01:45:00'),(656,36,'2018-06-23 00:15:00','2018-06-23 01:45:00'),(657,36,'2018-06-24 00:15:00','2018-06-24 01:45:00'),(658,36,'2018-06-25 00:15:00','2018-06-25 01:45:00'),(659,36,'2018-06-26 00:15:00','2018-06-26 01:45:00'),(660,36,'2018-06-27 00:15:00','2018-06-27 01:45:00'),(661,36,'2018-06-28 00:15:00','2018-06-28 01:45:00'),(662,36,'2018-06-29 00:15:00','2018-06-29 01:45:00'),(663,36,'2018-06-30 00:15:00','2018-06-30 01:45:00'),(664,37,'2018-06-01 12:20:00','2018-06-01 13:50:00'),(665,37,'2018-06-02 12:20:00','2018-06-02 13:50:00'),(666,37,'2018-06-03 12:20:00','2018-06-03 13:50:00'),(667,37,'2018-06-04 12:20:00','2018-06-04 13:50:00'),(668,37,'2018-06-05 12:20:00','2018-06-05 13:50:00'),(669,37,'2018-06-06 12:20:00','2018-06-06 13:50:00'),(670,37,'2018-06-07 12:20:00','2018-06-07 13:50:00'),(671,37,'2018-06-08 12:20:00','2018-06-08 13:50:00'),(672,37,'2018-06-09 12:20:00','2018-06-09 13:50:00'),(673,37,'2018-06-10 12:20:00','2018-06-10 13:50:00'),(674,37,'2018-06-11 12:20:00','2018-06-11 13:50:00'),(675,37,'2018-06-12 12:20:00','2018-06-12 13:50:00'),(676,37,'2018-06-13 12:20:00','2018-06-13 13:50:00'),(677,37,'2018-06-14 12:20:00','2018-06-14 13:50:00'),(678,37,'2018-06-15 12:20:00','2018-06-15 13:50:00'),(679,37,'2018-06-16 12:20:00','2018-06-16 13:50:00'),(680,37,'2018-06-17 12:20:00','2018-06-17 13:50:00'),(681,37,'2018-06-18 12:20:00','2018-06-18 13:50:00'),(682,37,'2018-06-19 12:20:00','2018-06-19 13:50:00'),(683,37,'2018-06-20 12:20:00','2018-06-20 13:50:00'),(684,37,'2018-06-21 12:20:00','2018-06-21 13:50:00'),(685,37,'2018-06-22 12:20:00','2018-06-22 13:50:00'),(686,37,'2018-06-23 12:20:00','2018-06-23 13:50:00'),(687,37,'2018-06-24 12:20:00','2018-06-24 13:50:00'),(688,37,'2018-06-25 12:20:00','2018-06-25 13:50:00'),(689,37,'2018-06-26 12:20:00','2018-06-26 13:50:00'),(690,37,'2018-06-27 12:20:00','2018-06-27 13:50:00'),(691,37,'2018-06-28 12:20:00','2018-06-28 13:50:00'),(692,37,'2018-06-29 12:20:00','2018-06-29 13:50:00'),(693,37,'2018-06-30 12:20:00','2018-06-30 13:50:00'),(694,38,'2018-06-01 17:30:00','2018-06-01 19:00:00'),(695,38,'2018-06-02 17:30:00','2018-06-02 19:00:00'),(696,38,'2018-06-03 17:30:00','2018-06-03 19:00:00'),(697,38,'2018-06-04 17:30:00','2018-06-04 19:00:00'),(698,38,'2018-06-05 17:30:00','2018-06-05 19:00:00'),(699,38,'2018-06-06 17:30:00','2018-06-06 19:00:00'),(700,38,'2018-06-07 17:30:00','2018-06-07 19:00:00'),(701,38,'2018-06-08 17:30:00','2018-06-08 19:00:00'),(702,38,'2018-06-09 17:30:00','2018-06-09 19:00:00'),(703,38,'2018-06-10 17:30:00','2018-06-10 19:00:00'),(704,38,'2018-06-11 17:30:00','2018-06-11 19:00:00'),(705,38,'2018-06-12 17:30:00','2018-06-12 19:00:00'),(706,38,'2018-06-13 17:30:00','2018-06-13 19:00:00'),(707,38,'2018-06-14 17:30:00','2018-06-14 19:00:00'),(708,38,'2018-06-15 17:30:00','2018-06-15 19:00:00'),(709,38,'2018-06-16 17:30:00','2018-06-16 19:00:00'),(710,38,'2018-06-17 17:30:00','2018-06-17 19:00:00'),(711,38,'2018-06-18 17:30:00','2018-06-18 19:00:00'),(712,38,'2018-06-19 17:30:00','2018-06-19 19:00:00'),(713,38,'2018-06-20 17:30:00','2018-06-20 19:00:00'),(714,38,'2018-06-21 17:30:00','2018-06-21 19:00:00'),(715,38,'2018-06-22 17:30:00','2018-06-22 19:00:00'),(716,38,'2018-06-23 17:30:00','2018-06-23 19:00:00'),(717,38,'2018-06-24 17:30:00','2018-06-24 19:00:00'),(718,38,'2018-06-25 17:30:00','2018-06-25 19:00:00'),(719,38,'2018-06-26 17:30:00','2018-06-26 19:00:00'),(720,38,'2018-06-27 17:30:00','2018-06-27 19:00:00'),(721,38,'2018-06-28 17:30:00','2018-06-28 19:00:00'),(722,38,'2018-06-29 17:30:00','2018-06-29 19:00:00'),(723,38,'2018-06-30 17:30:00','2018-06-30 19:00:00'),(724,39,'2018-06-01 07:40:00','2018-06-01 09:20:00'),(725,39,'2018-06-02 07:40:00','2018-06-02 09:20:00'),(726,39,'2018-06-03 07:40:00','2018-06-03 09:20:00'),(727,39,'2018-06-04 07:40:00','2018-06-04 09:20:00'),(728,39,'2018-06-05 07:40:00','2018-06-05 09:20:00'),(729,39,'2018-06-06 07:40:00','2018-06-06 09:20:00'),(730,39,'2018-06-07 07:40:00','2018-06-07 09:20:00'),(731,39,'2018-06-08 07:40:00','2018-06-08 09:20:00'),(732,39,'2018-06-09 07:40:00','2018-06-09 09:20:00'),(733,39,'2018-06-10 07:40:00','2018-06-10 09:20:00'),(734,39,'2018-06-11 07:40:00','2018-06-11 09:20:00'),(735,39,'2018-06-12 07:40:00','2018-06-12 09:20:00'),(736,39,'2018-06-13 07:40:00','2018-06-13 09:20:00'),(737,39,'2018-06-14 07:40:00','2018-06-14 09:20:00'),(738,39,'2018-06-15 07:40:00','2018-06-15 09:20:00'),(739,39,'2018-06-16 07:40:00','2018-06-16 09:20:00'),(740,39,'2018-06-17 07:40:00','2018-06-17 09:20:00'),(741,39,'2018-06-18 07:40:00','2018-06-18 09:20:00'),(742,39,'2018-06-19 07:40:00','2018-06-19 09:20:00'),(743,39,'2018-06-20 07:40:00','2018-06-20 09:20:00'),(744,39,'2018-06-21 07:40:00','2018-06-21 09:20:00'),(745,39,'2018-06-22 07:40:00','2018-06-22 09:20:00'),(746,39,'2018-06-23 07:40:00','2018-06-23 09:20:00'),(747,39,'2018-06-24 07:40:00','2018-06-24 09:20:00'),(748,39,'2018-06-25 07:40:00','2018-06-25 09:20:00'),(749,39,'2018-06-26 07:40:00','2018-06-26 09:20:00'),(750,39,'2018-06-27 07:40:00','2018-06-27 09:20:00'),(751,39,'2018-06-28 07:40:00','2018-06-28 09:20:00'),(752,39,'2018-06-29 07:40:00','2018-06-29 09:20:00'),(753,39,'2018-06-30 07:40:00','2018-06-30 09:20:00'),(754,40,'2018-06-01 15:00:00','2018-06-01 16:40:00'),(755,40,'2018-06-02 15:00:00','2018-06-02 16:40:00'),(756,40,'2018-06-03 15:00:00','2018-06-03 16:40:00'),(757,40,'2018-06-04 15:00:00','2018-06-04 16:40:00'),(758,40,'2018-06-05 15:00:00','2018-06-05 16:40:00'),(759,40,'2018-06-06 15:00:00','2018-06-06 16:40:00'),(760,40,'2018-06-07 15:00:00','2018-06-07 16:40:00'),(761,40,'2018-06-08 15:00:00','2018-06-08 16:40:00'),(762,40,'2018-06-09 15:00:00','2018-06-09 16:40:00'),(763,40,'2018-06-10 15:00:00','2018-06-10 16:40:00'),(764,40,'2018-06-11 15:00:00','2018-06-11 16:40:00'),(765,40,'2018-06-12 15:00:00','2018-06-12 16:40:00'),(766,40,'2018-06-13 15:00:00','2018-06-13 16:40:00'),(767,40,'2018-06-14 15:00:00','2018-06-14 16:40:00'),(768,40,'2018-06-15 15:00:00','2018-06-15 16:40:00'),(769,40,'2018-06-16 15:00:00','2018-06-16 16:40:00'),(770,40,'2018-06-17 15:00:00','2018-06-17 16:40:00'),(771,40,'2018-06-18 15:00:00','2018-06-18 16:40:00'),(772,40,'2018-06-19 15:00:00','2018-06-19 16:40:00'),(773,40,'2018-06-20 15:00:00','2018-06-20 16:40:00'),(774,40,'2018-06-21 15:00:00','2018-06-21 16:40:00'),(775,40,'2018-06-22 15:00:00','2018-06-22 16:40:00'),(776,40,'2018-06-23 15:00:00','2018-06-23 16:40:00'),(777,40,'2018-06-24 15:00:00','2018-06-24 16:40:00'),(778,40,'2018-06-25 15:00:00','2018-06-25 16:40:00'),(779,40,'2018-06-26 15:00:00','2018-06-26 16:40:00'),(780,40,'2018-06-27 15:00:00','2018-06-27 16:40:00'),(781,40,'2018-06-28 15:00:00','2018-06-28 16:40:00'),(782,40,'2018-06-29 15:00:00','2018-06-29 16:40:00'),(783,40,'2018-06-30 15:00:00','2018-06-30 16:40:00'),(784,41,'2018-06-01 20:25:00','2018-06-01 22:05:00'),(785,41,'2018-06-02 20:25:00','2018-06-02 22:05:00'),(786,41,'2018-06-03 20:25:00','2018-06-03 22:05:00'),(787,41,'2018-06-04 20:25:00','2018-06-04 22:05:00'),(788,41,'2018-06-05 20:25:00','2018-06-05 22:05:00'),(789,41,'2018-06-06 20:25:00','2018-06-06 22:05:00'),(790,41,'2018-06-07 20:25:00','2018-06-07 22:05:00'),(791,41,'2018-06-08 20:25:00','2018-06-08 22:05:00'),(792,41,'2018-06-09 20:25:00','2018-06-09 22:05:00'),(793,41,'2018-06-10 20:25:00','2018-06-10 22:05:00'),(794,41,'2018-06-11 20:25:00','2018-06-11 22:05:00'),(795,41,'2018-06-12 20:25:00','2018-06-12 22:05:00'),(796,41,'2018-06-13 20:25:00','2018-06-13 22:05:00'),(797,41,'2018-06-14 20:25:00','2018-06-14 22:05:00'),(798,41,'2018-06-15 20:25:00','2018-06-15 22:05:00'),(799,41,'2018-06-16 20:25:00','2018-06-16 22:05:00'),(800,41,'2018-06-17 20:25:00','2018-06-17 22:05:00'),(801,41,'2018-06-18 20:25:00','2018-06-18 22:05:00'),(802,41,'2018-06-19 20:25:00','2018-06-19 22:05:00'),(803,41,'2018-06-20 20:25:00','2018-06-20 22:05:00'),(804,41,'2018-06-21 20:25:00','2018-06-21 22:05:00'),(805,41,'2018-06-22 20:25:00','2018-06-22 22:05:00'),(806,41,'2018-06-23 20:25:00','2018-06-23 22:05:00'),(807,41,'2018-06-24 20:25:00','2018-06-24 22:05:00'),(808,41,'2018-06-25 20:25:00','2018-06-25 22:05:00'),(809,41,'2018-06-26 20:25:00','2018-06-26 22:05:00'),(810,41,'2018-06-27 20:25:00','2018-06-27 22:05:00'),(811,41,'2018-06-28 20:25:00','2018-06-28 22:05:00'),(812,41,'2018-06-29 20:25:00','2018-06-29 22:05:00'),(813,41,'2018-06-30 20:25:00','2018-06-30 22:05:00'),(814,42,'2018-06-01 10:05:00','2018-06-01 15:25:00'),(815,42,'2018-06-02 10:05:00','2018-06-02 15:25:00'),(816,42,'2018-06-03 10:05:00','2018-06-03 15:25:00'),(817,42,'2018-06-04 10:05:00','2018-06-04 15:25:00'),(818,42,'2018-06-05 10:05:00','2018-06-05 15:25:00'),(819,42,'2018-06-06 10:05:00','2018-06-06 15:25:00'),(820,42,'2018-06-07 10:05:00','2018-06-07 15:25:00'),(821,42,'2018-06-08 10:05:00','2018-06-08 15:25:00'),(822,42,'2018-06-09 10:05:00','2018-06-09 15:25:00'),(823,42,'2018-06-10 10:05:00','2018-06-10 15:25:00'),(824,42,'2018-06-11 10:05:00','2018-06-11 15:25:00'),(825,42,'2018-06-12 10:05:00','2018-06-12 15:25:00'),(826,42,'2018-06-13 10:05:00','2018-06-13 15:25:00'),(827,42,'2018-06-14 10:05:00','2018-06-14 15:25:00'),(828,42,'2018-06-15 10:05:00','2018-06-15 15:25:00'),(829,42,'2018-06-16 10:05:00','2018-06-16 15:25:00'),(830,42,'2018-06-17 10:05:00','2018-06-17 15:25:00'),(831,42,'2018-06-18 10:05:00','2018-06-18 15:25:00'),(832,42,'2018-06-19 10:05:00','2018-06-19 15:25:00'),(833,42,'2018-06-20 10:05:00','2018-06-20 15:25:00'),(834,42,'2018-06-21 10:05:00','2018-06-21 15:25:00'),(835,42,'2018-06-22 10:05:00','2018-06-22 15:25:00'),(836,42,'2018-06-23 10:05:00','2018-06-23 15:25:00'),(837,42,'2018-06-24 10:05:00','2018-06-24 15:25:00'),(838,42,'2018-06-25 10:05:00','2018-06-25 15:25:00'),(839,42,'2018-06-26 10:05:00','2018-06-26 15:25:00'),(840,42,'2018-06-27 10:05:00','2018-06-27 15:25:00'),(841,42,'2018-06-28 10:05:00','2018-06-28 15:25:00'),(842,42,'2018-06-29 10:05:00','2018-06-29 15:25:00'),(843,42,'2018-06-30 10:05:00','2018-06-30 15:25:00'),(844,43,'2018-06-01 07:20:00','2018-06-01 08:50:00'),(845,43,'2018-06-02 07:20:00','2018-06-02 08:50:00'),(846,43,'2018-06-03 07:20:00','2018-06-03 08:50:00'),(847,43,'2018-06-04 07:20:00','2018-06-04 08:50:00'),(848,43,'2018-06-05 07:20:00','2018-06-05 08:50:00'),(849,43,'2018-06-06 07:20:00','2018-06-06 08:50:00'),(850,43,'2018-06-07 07:20:00','2018-06-07 08:50:00'),(851,43,'2018-06-08 07:20:00','2018-06-08 08:50:00'),(852,43,'2018-06-09 07:20:00','2018-06-09 08:50:00'),(853,43,'2018-06-10 07:20:00','2018-06-10 08:50:00'),(854,43,'2018-06-11 07:20:00','2018-06-11 08:50:00'),(855,43,'2018-06-12 07:20:00','2018-06-12 08:50:00'),(856,43,'2018-06-13 07:20:00','2018-06-13 08:50:00'),(857,43,'2018-06-14 07:20:00','2018-06-14 08:50:00'),(858,43,'2018-06-15 07:20:00','2018-06-15 08:50:00'),(859,43,'2018-06-16 07:20:00','2018-06-16 08:50:00'),(860,43,'2018-06-17 07:20:00','2018-06-17 08:50:00'),(861,43,'2018-06-18 07:20:00','2018-06-18 08:50:00'),(862,43,'2018-06-19 07:20:00','2018-06-19 08:50:00'),(863,43,'2018-06-20 07:20:00','2018-06-20 08:50:00'),(864,43,'2018-06-21 07:20:00','2018-06-21 08:50:00'),(865,43,'2018-06-22 07:20:00','2018-06-22 08:50:00'),(866,43,'2018-06-23 07:20:00','2018-06-23 08:50:00'),(867,43,'2018-06-24 07:20:00','2018-06-24 08:50:00'),(868,43,'2018-06-25 07:20:00','2018-06-25 08:50:00'),(869,43,'2018-06-26 07:20:00','2018-06-26 08:50:00'),(870,43,'2018-06-27 07:20:00','2018-06-27 08:50:00'),(871,43,'2018-06-28 07:20:00','2018-06-28 08:50:00'),(872,43,'2018-06-29 07:20:00','2018-06-29 08:50:00'),(873,43,'2018-06-30 07:20:00','2018-06-30 08:50:00'),(874,44,'2018-06-01 12:45:00','2018-06-01 14:15:00'),(875,44,'2018-06-02 12:45:00','2018-06-02 14:15:00'),(876,44,'2018-06-03 12:45:00','2018-06-03 14:15:00'),(877,44,'2018-06-04 12:45:00','2018-06-04 14:15:00'),(878,44,'2018-06-05 12:45:00','2018-06-05 14:15:00'),(879,44,'2018-06-06 12:45:00','2018-06-06 14:15:00'),(880,44,'2018-06-07 12:45:00','2018-06-07 14:15:00'),(881,44,'2018-06-08 12:45:00','2018-06-08 14:15:00'),(882,44,'2018-06-09 12:45:00','2018-06-09 14:15:00'),(883,44,'2018-06-10 12:45:00','2018-06-10 14:15:00'),(884,44,'2018-06-11 12:45:00','2018-06-11 14:15:00'),(885,44,'2018-06-12 12:45:00','2018-06-12 14:15:00'),(886,44,'2018-06-13 12:45:00','2018-06-13 14:15:00'),(887,44,'2018-06-14 12:45:00','2018-06-14 14:15:00'),(888,44,'2018-06-15 12:45:00','2018-06-15 14:15:00'),(889,44,'2018-06-16 12:45:00','2018-06-16 14:15:00'),(890,44,'2018-06-17 12:45:00','2018-06-17 14:15:00'),(891,44,'2018-06-18 12:45:00','2018-06-18 14:15:00'),(892,44,'2018-06-19 12:45:00','2018-06-19 14:15:00'),(893,44,'2018-06-20 12:45:00','2018-06-20 14:15:00'),(894,44,'2018-06-21 12:45:00','2018-06-21 14:15:00'),(895,44,'2018-06-22 12:45:00','2018-06-22 14:15:00'),(896,44,'2018-06-23 12:45:00','2018-06-23 14:15:00'),(897,44,'2018-06-24 12:45:00','2018-06-24 14:15:00'),(898,44,'2018-06-25 12:45:00','2018-06-25 14:15:00'),(899,44,'2018-06-26 12:45:00','2018-06-26 14:15:00'),(900,44,'2018-06-27 12:45:00','2018-06-27 14:15:00'),(901,44,'2018-06-28 12:45:00','2018-06-28 14:15:00'),(902,44,'2018-06-29 12:45:00','2018-06-29 14:15:00'),(903,44,'2018-06-30 12:45:00','2018-06-30 14:15:00'),(904,45,'2018-06-01 20:40:00','2018-06-01 22:10:00'),(905,45,'2018-06-02 20:40:00','2018-06-02 22:10:00'),(906,45,'2018-06-03 20:40:00','2018-06-03 22:10:00'),(907,45,'2018-06-04 20:40:00','2018-06-04 22:10:00'),(908,45,'2018-06-05 20:40:00','2018-06-05 22:10:00'),(909,45,'2018-06-06 20:40:00','2018-06-06 22:10:00'),(910,45,'2018-06-07 20:40:00','2018-06-07 22:10:00'),(911,45,'2018-06-08 20:40:00','2018-06-08 22:10:00'),(912,45,'2018-06-09 20:40:00','2018-06-09 22:10:00'),(913,45,'2018-06-10 20:40:00','2018-06-10 22:10:00'),(914,45,'2018-06-11 20:40:00','2018-06-11 22:10:00'),(915,45,'2018-06-12 20:40:00','2018-06-12 22:10:00'),(916,45,'2018-06-13 20:40:00','2018-06-13 22:10:00'),(917,45,'2018-06-14 20:40:00','2018-06-14 22:10:00'),(918,45,'2018-06-15 20:40:00','2018-06-15 22:10:00'),(919,45,'2018-06-16 20:40:00','2018-06-16 22:10:00'),(920,45,'2018-06-17 20:40:00','2018-06-17 22:10:00'),(921,45,'2018-06-18 20:40:00','2018-06-18 22:10:00'),(922,45,'2018-06-19 20:40:00','2018-06-19 22:10:00'),(923,45,'2018-06-20 20:40:00','2018-06-20 22:10:00'),(924,45,'2018-06-21 20:40:00','2018-06-21 22:10:00'),(925,45,'2018-06-22 20:40:00','2018-06-22 22:10:00'),(926,45,'2018-06-23 20:40:00','2018-06-23 22:10:00'),(927,45,'2018-06-24 20:40:00','2018-06-24 22:10:00'),(928,45,'2018-06-25 20:40:00','2018-06-25 22:10:00'),(929,45,'2018-06-26 20:40:00','2018-06-26 22:10:00'),(930,45,'2018-06-27 20:40:00','2018-06-27 22:10:00'),(931,45,'2018-06-28 20:40:00','2018-06-28 22:10:00'),(932,45,'2018-06-29 20:40:00','2018-06-29 22:10:00'),(933,45,'2018-06-30 20:40:00','2018-06-30 22:10:00'),(934,46,'2018-06-01 17:00:00','2018-06-01 18:25:00'),(935,46,'2018-06-02 17:00:00','2018-06-02 18:25:00'),(936,46,'2018-06-03 17:00:00','2018-06-03 18:25:00'),(937,46,'2018-06-04 17:00:00','2018-06-04 18:25:00'),(938,46,'2018-06-05 17:00:00','2018-06-05 18:25:00'),(939,46,'2018-06-06 17:00:00','2018-06-06 18:25:00'),(940,46,'2018-06-07 17:00:00','2018-06-07 18:25:00'),(941,46,'2018-06-08 17:00:00','2018-06-08 18:25:00'),(942,46,'2018-06-09 17:00:00','2018-06-09 18:25:00'),(943,46,'2018-06-10 17:00:00','2018-06-10 18:25:00'),(944,46,'2018-06-11 17:00:00','2018-06-11 18:25:00'),(945,46,'2018-06-12 17:00:00','2018-06-12 18:25:00'),(946,46,'2018-06-13 17:00:00','2018-06-13 18:25:00'),(947,46,'2018-06-14 17:00:00','2018-06-14 18:25:00'),(948,46,'2018-06-15 17:00:00','2018-06-15 18:25:00'),(949,46,'2018-06-16 17:00:00','2018-06-16 18:25:00'),(950,46,'2018-06-17 17:00:00','2018-06-17 18:25:00'),(951,46,'2018-06-18 17:00:00','2018-06-18 18:25:00'),(952,46,'2018-06-19 17:00:00','2018-06-19 18:25:00'),(953,46,'2018-06-20 17:00:00','2018-06-20 18:25:00'),(954,46,'2018-06-21 17:00:00','2018-06-21 18:25:00'),(955,46,'2018-06-22 17:00:00','2018-06-22 18:25:00'),(956,46,'2018-06-23 17:00:00','2018-06-23 18:25:00'),(957,46,'2018-06-24 17:00:00','2018-06-24 18:25:00'),(958,46,'2018-06-25 17:00:00','2018-06-25 18:25:00'),(959,46,'2018-06-26 17:00:00','2018-06-26 18:25:00'),(960,46,'2018-06-27 17:00:00','2018-06-27 18:25:00'),(961,46,'2018-06-28 17:00:00','2018-06-28 18:25:00'),(962,46,'2018-06-29 17:00:00','2018-06-29 18:25:00'),(963,46,'2018-06-30 17:00:00','2018-06-30 18:25:00'),(964,47,'2018-06-01 08:45:00','2018-06-01 10:10:00'),(965,47,'2018-06-02 08:45:00','2018-06-02 10:10:00'),(966,47,'2018-06-03 08:45:00','2018-06-03 10:10:00'),(967,47,'2018-06-04 08:45:00','2018-06-04 10:10:00'),(968,47,'2018-06-05 08:45:00','2018-06-05 10:10:00'),(969,47,'2018-06-06 08:45:00','2018-06-06 10:10:00'),(970,47,'2018-06-07 08:45:00','2018-06-07 10:10:00'),(971,47,'2018-06-08 08:45:00','2018-06-08 10:10:00'),(972,47,'2018-06-09 08:45:00','2018-06-09 10:10:00'),(973,47,'2018-06-10 08:45:00','2018-06-10 10:10:00'),(974,47,'2018-06-11 08:45:00','2018-06-11 10:10:00'),(975,47,'2018-06-12 08:45:00','2018-06-12 10:10:00'),(976,47,'2018-06-13 08:45:00','2018-06-13 10:10:00'),(977,47,'2018-06-14 08:45:00','2018-06-14 10:10:00'),(978,47,'2018-06-15 08:45:00','2018-06-15 10:10:00'),(979,47,'2018-06-16 08:45:00','2018-06-16 10:10:00'),(980,47,'2018-06-17 08:45:00','2018-06-17 10:10:00'),(981,47,'2018-06-18 08:45:00','2018-06-18 10:10:00'),(982,47,'2018-06-19 08:45:00','2018-06-19 10:10:00'),(983,47,'2018-06-20 08:45:00','2018-06-20 10:10:00'),(984,47,'2018-06-21 08:45:00','2018-06-21 10:10:00'),(985,47,'2018-06-22 08:45:00','2018-06-22 10:10:00'),(986,47,'2018-06-23 08:45:00','2018-06-23 10:10:00'),(987,47,'2018-06-24 08:45:00','2018-06-24 10:10:00'),(988,47,'2018-06-25 08:45:00','2018-06-25 10:10:00'),(989,47,'2018-06-26 08:45:00','2018-06-26 10:10:00'),(990,47,'2018-06-27 08:45:00','2018-06-27 10:10:00'),(991,47,'2018-06-28 08:45:00','2018-06-28 10:10:00'),(992,47,'2018-06-29 08:45:00','2018-06-29 10:10:00'),(993,47,'2018-06-30 08:45:00','2018-06-30 10:10:00'),(994,48,'2018-06-01 11:45:00','2018-06-01 13:10:00'),(995,48,'2018-06-02 11:45:00','2018-06-02 13:10:00'),(996,48,'2018-06-03 11:45:00','2018-06-03 13:10:00'),(997,48,'2018-06-04 11:45:00','2018-06-04 13:10:00'),(998,48,'2018-06-05 11:45:00','2018-06-05 13:10:00'),(999,48,'2018-06-06 11:45:00','2018-06-06 13:10:00'),(1000,48,'2018-06-07 11:45:00','2018-06-07 13:10:00'),(1001,48,'2018-06-08 11:45:00','2018-06-08 13:10:00'),(1002,48,'2018-06-09 11:45:00','2018-06-09 13:10:00'),(1003,48,'2018-06-10 11:45:00','2018-06-10 13:10:00'),(1004,48,'2018-06-11 11:45:00','2018-06-11 13:10:00'),(1005,48,'2018-06-12 11:45:00','2018-06-12 13:10:00'),(1006,48,'2018-06-13 11:45:00','2018-06-13 13:10:00'),(1007,48,'2018-06-14 11:45:00','2018-06-14 13:10:00'),(1008,48,'2018-06-15 11:45:00','2018-06-15 13:10:00'),(1009,48,'2018-06-16 11:45:00','2018-06-16 13:10:00'),(1010,48,'2018-06-17 11:45:00','2018-06-17 13:10:00'),(1011,48,'2018-06-18 11:45:00','2018-06-18 13:10:00'),(1012,48,'2018-06-19 11:45:00','2018-06-19 13:10:00'),(1013,48,'2018-06-20 11:45:00','2018-06-20 13:10:00'),(1014,48,'2018-06-21 11:45:00','2018-06-21 13:10:00'),(1015,48,'2018-06-22 11:45:00','2018-06-22 13:10:00'),(1016,48,'2018-06-23 11:45:00','2018-06-23 13:10:00'),(1017,48,'2018-06-24 11:45:00','2018-06-24 13:10:00'),(1018,48,'2018-06-25 11:45:00','2018-06-25 13:10:00'),(1019,48,'2018-06-26 11:45:00','2018-06-26 13:10:00'),(1020,48,'2018-06-27 11:45:00','2018-06-27 13:10:00'),(1021,48,'2018-06-28 11:45:00','2018-06-28 13:10:00'),(1022,48,'2018-06-29 11:45:00','2018-06-29 13:10:00'),(1023,48,'2018-06-30 11:45:00','2018-06-30 13:10:00'),(1024,49,'2018-06-01 08:50:00','2018-06-01 10:20:00'),(1025,49,'2018-06-02 08:50:00','2018-06-02 10:20:00'),(1026,49,'2018-06-03 08:50:00','2018-06-03 10:20:00'),(1027,49,'2018-06-04 08:50:00','2018-06-04 10:20:00'),(1028,49,'2018-06-05 08:50:00','2018-06-05 10:20:00'),(1029,49,'2018-06-06 08:50:00','2018-06-06 10:20:00'),(1030,49,'2018-06-07 08:50:00','2018-06-07 10:20:00'),(1031,49,'2018-06-08 08:50:00','2018-06-08 10:20:00'),(1032,49,'2018-06-09 08:50:00','2018-06-09 10:20:00'),(1033,49,'2018-06-10 08:50:00','2018-06-10 10:20:00'),(1034,49,'2018-06-11 08:50:00','2018-06-11 10:20:00'),(1035,49,'2018-06-12 08:50:00','2018-06-12 10:20:00'),(1036,49,'2018-06-13 08:50:00','2018-06-13 10:20:00'),(1037,49,'2018-06-14 08:50:00','2018-06-14 10:20:00'),(1038,49,'2018-06-15 08:50:00','2018-06-15 10:20:00'),(1039,49,'2018-06-16 08:50:00','2018-06-16 10:20:00'),(1040,49,'2018-06-17 08:50:00','2018-06-17 10:20:00'),(1041,49,'2018-06-18 08:50:00','2018-06-18 10:20:00'),(1042,49,'2018-06-19 08:50:00','2018-06-19 10:20:00'),(1043,49,'2018-06-20 08:50:00','2018-06-20 10:20:00'),(1044,49,'2018-06-21 08:50:00','2018-06-21 10:20:00'),(1045,49,'2018-06-22 08:50:00','2018-06-22 10:20:00'),(1046,49,'2018-06-23 08:50:00','2018-06-23 10:20:00'),(1047,49,'2018-06-24 08:50:00','2018-06-24 10:20:00'),(1048,49,'2018-06-25 08:50:00','2018-06-25 10:20:00'),(1049,49,'2018-06-26 08:50:00','2018-06-26 10:20:00'),(1050,49,'2018-06-27 08:50:00','2018-06-27 10:20:00'),(1051,49,'2018-06-28 08:50:00','2018-06-28 10:20:00'),(1052,49,'2018-06-29 08:50:00','2018-06-29 10:20:00'),(1053,49,'2018-06-30 08:50:00','2018-06-30 10:20:00'),(1054,50,'2018-06-01 09:35:00','2018-06-01 11:10:00'),(1055,50,'2018-06-02 09:35:00','2018-06-02 11:10:00'),(1056,50,'2018-06-03 09:35:00','2018-06-03 11:10:00'),(1057,50,'2018-06-04 09:35:00','2018-06-04 11:10:00'),(1058,50,'2018-06-05 09:35:00','2018-06-05 11:10:00'),(1059,50,'2018-06-06 09:35:00','2018-06-06 11:10:00'),(1060,50,'2018-06-07 09:35:00','2018-06-07 11:10:00'),(1061,50,'2018-06-08 09:35:00','2018-06-08 11:10:00'),(1062,50,'2018-06-09 09:35:00','2018-06-09 11:10:00'),(1063,50,'2018-06-10 09:35:00','2018-06-10 11:10:00'),(1064,50,'2018-06-11 09:35:00','2018-06-11 11:10:00'),(1065,50,'2018-06-12 09:35:00','2018-06-12 11:10:00'),(1066,50,'2018-06-13 09:35:00','2018-06-13 11:10:00'),(1067,50,'2018-06-14 09:35:00','2018-06-14 11:10:00'),(1068,50,'2018-06-15 09:35:00','2018-06-15 11:10:00'),(1069,50,'2018-06-16 09:35:00','2018-06-16 11:10:00'),(1070,50,'2018-06-17 09:35:00','2018-06-17 11:10:00'),(1071,50,'2018-06-18 09:35:00','2018-06-18 11:10:00'),(1072,50,'2018-06-19 09:35:00','2018-06-19 11:10:00'),(1073,50,'2018-06-20 09:35:00','2018-06-20 11:10:00'),(1074,50,'2018-06-21 09:35:00','2018-06-21 11:10:00'),(1075,50,'2018-06-22 09:35:00','2018-06-22 11:10:00'),(1076,50,'2018-06-23 09:35:00','2018-06-23 11:10:00'),(1077,50,'2018-06-24 09:35:00','2018-06-24 11:10:00'),(1078,50,'2018-06-25 09:35:00','2018-06-25 11:10:00'),(1079,50,'2018-06-26 09:35:00','2018-06-26 11:10:00'),(1080,50,'2018-06-27 09:35:00','2018-06-27 11:10:00'),(1081,50,'2018-06-28 09:35:00','2018-06-28 11:10:00'),(1082,50,'2018-06-29 09:35:00','2018-06-29 11:10:00'),(1083,50,'2018-06-30 09:35:00','2018-06-30 11:10:00'),(1084,51,'2018-06-01 11:30:00','2018-06-01 13:00:00'),(1085,51,'2018-06-02 11:30:00','2018-06-02 13:00:00'),(1086,51,'2018-06-03 11:30:00','2018-06-03 13:00:00'),(1087,51,'2018-06-04 11:30:00','2018-06-04 13:00:00'),(1088,51,'2018-06-05 11:30:00','2018-06-05 13:00:00'),(1089,51,'2018-06-06 11:30:00','2018-06-06 13:00:00'),(1090,51,'2018-06-07 11:30:00','2018-06-07 13:00:00'),(1091,51,'2018-06-08 11:30:00','2018-06-08 13:00:00'),(1092,51,'2018-06-09 11:30:00','2018-06-09 13:00:00'),(1093,51,'2018-06-10 11:30:00','2018-06-10 13:00:00'),(1094,51,'2018-06-11 11:30:00','2018-06-11 13:00:00'),(1095,51,'2018-06-12 11:30:00','2018-06-12 13:00:00'),(1096,51,'2018-06-13 11:30:00','2018-06-13 13:00:00'),(1097,51,'2018-06-14 11:30:00','2018-06-14 13:00:00'),(1098,51,'2018-06-15 11:30:00','2018-06-15 13:00:00'),(1099,51,'2018-06-16 11:30:00','2018-06-16 13:00:00'),(1100,51,'2018-06-17 11:30:00','2018-06-17 13:00:00'),(1101,51,'2018-06-18 11:30:00','2018-06-18 13:00:00'),(1102,51,'2018-06-19 11:30:00','2018-06-19 13:00:00'),(1103,51,'2018-06-20 11:30:00','2018-06-20 13:00:00'),(1104,51,'2018-06-21 11:30:00','2018-06-21 13:00:00'),(1105,51,'2018-06-22 11:30:00','2018-06-22 13:00:00'),(1106,51,'2018-06-23 11:30:00','2018-06-23 13:00:00'),(1107,51,'2018-06-24 11:30:00','2018-06-24 13:00:00'),(1108,51,'2018-06-25 11:30:00','2018-06-25 13:00:00'),(1109,51,'2018-06-26 11:30:00','2018-06-26 13:00:00'),(1110,51,'2018-06-27 11:30:00','2018-06-27 13:00:00'),(1111,51,'2018-06-28 11:30:00','2018-06-28 13:00:00'),(1112,51,'2018-06-29 11:30:00','2018-06-29 13:00:00'),(1113,51,'2018-06-30 11:30:00','2018-06-30 13:00:00'),(1114,52,'2018-06-01 12:15:00','2018-06-01 13:50:00'),(1115,52,'2018-06-02 12:15:00','2018-06-02 13:50:00'),(1116,52,'2018-06-03 12:15:00','2018-06-03 13:50:00'),(1117,52,'2018-06-04 12:15:00','2018-06-04 13:50:00'),(1118,52,'2018-06-05 12:15:00','2018-06-05 13:50:00'),(1119,52,'2018-06-06 12:15:00','2018-06-06 13:50:00'),(1120,52,'2018-06-07 12:15:00','2018-06-07 13:50:00'),(1121,52,'2018-06-08 12:15:00','2018-06-08 13:50:00'),(1122,52,'2018-06-09 12:15:00','2018-06-09 13:50:00'),(1123,52,'2018-06-10 12:15:00','2018-06-10 13:50:00'),(1124,52,'2018-06-11 12:15:00','2018-06-11 13:50:00'),(1125,52,'2018-06-12 12:15:00','2018-06-12 13:50:00'),(1126,52,'2018-06-13 12:15:00','2018-06-13 13:50:00'),(1127,52,'2018-06-14 12:15:00','2018-06-14 13:50:00'),(1128,52,'2018-06-15 12:15:00','2018-06-15 13:50:00'),(1129,52,'2018-06-16 12:15:00','2018-06-16 13:50:00'),(1130,52,'2018-06-17 12:15:00','2018-06-17 13:50:00'),(1131,52,'2018-06-18 12:15:00','2018-06-18 13:50:00'),(1132,52,'2018-06-19 12:15:00','2018-06-19 13:50:00'),(1133,52,'2018-06-20 12:15:00','2018-06-20 13:50:00'),(1134,52,'2018-06-21 12:15:00','2018-06-21 13:50:00'),(1135,52,'2018-06-22 12:15:00','2018-06-22 13:50:00'),(1136,52,'2018-06-23 12:15:00','2018-06-23 13:50:00'),(1137,52,'2018-06-24 12:15:00','2018-06-24 13:50:00'),(1138,52,'2018-06-25 12:15:00','2018-06-25 13:50:00'),(1139,52,'2018-06-26 12:15:00','2018-06-26 13:50:00'),(1140,52,'2018-06-27 12:15:00','2018-06-27 13:50:00'),(1141,52,'2018-06-28 12:15:00','2018-06-28 13:50:00'),(1142,52,'2018-06-29 12:15:00','2018-06-29 13:50:00'),(1143,52,'2018-06-30 12:15:00','2018-06-30 13:50:00'),(1144,53,'2018-06-01 19:40:00','2018-06-01 21:05:00'),(1145,53,'2018-06-02 19:40:00','2018-06-02 21:05:00'),(1146,53,'2018-06-03 19:40:00','2018-06-03 21:05:00'),(1147,53,'2018-06-04 19:40:00','2018-06-04 21:05:00'),(1148,53,'2018-06-05 19:40:00','2018-06-05 21:05:00'),(1149,53,'2018-06-06 19:40:00','2018-06-06 21:05:00'),(1150,53,'2018-06-07 19:40:00','2018-06-07 21:05:00'),(1151,53,'2018-06-08 19:40:00','2018-06-08 21:05:00'),(1152,53,'2018-06-09 19:40:00','2018-06-09 21:05:00'),(1153,53,'2018-06-10 19:40:00','2018-06-10 21:05:00'),(1154,53,'2018-06-11 19:40:00','2018-06-11 21:05:00'),(1155,53,'2018-06-12 19:40:00','2018-06-12 21:05:00'),(1156,53,'2018-06-13 19:40:00','2018-06-13 21:05:00'),(1157,53,'2018-06-14 19:40:00','2018-06-14 21:05:00'),(1158,53,'2018-06-15 19:40:00','2018-06-15 21:05:00'),(1159,53,'2018-06-16 19:40:00','2018-06-16 21:05:00'),(1160,53,'2018-06-17 19:40:00','2018-06-17 21:05:00'),(1161,53,'2018-06-18 19:40:00','2018-06-18 21:05:00'),(1162,53,'2018-06-19 19:40:00','2018-06-19 21:05:00'),(1163,53,'2018-06-20 19:40:00','2018-06-20 21:05:00'),(1164,53,'2018-06-21 19:40:00','2018-06-21 21:05:00'),(1165,53,'2018-06-22 19:40:00','2018-06-22 21:05:00'),(1166,53,'2018-06-23 19:40:00','2018-06-23 21:05:00'),(1167,53,'2018-06-24 19:40:00','2018-06-24 21:05:00'),(1168,53,'2018-06-25 19:40:00','2018-06-25 21:05:00'),(1169,53,'2018-06-26 19:40:00','2018-06-26 21:05:00'),(1170,53,'2018-06-27 19:40:00','2018-06-27 21:05:00'),(1171,53,'2018-06-28 19:40:00','2018-06-28 21:05:00'),(1172,53,'2018-06-29 19:40:00','2018-06-29 21:05:00'),(1173,53,'2018-06-30 19:40:00','2018-06-30 21:05:00'),(1174,54,'2018-06-01 20:25:00','2018-06-01 22:00:00'),(1175,54,'2018-06-02 20:25:00','2018-06-02 22:00:00'),(1176,54,'2018-06-03 20:25:00','2018-06-03 22:00:00'),(1177,54,'2018-06-04 20:25:00','2018-06-04 22:00:00'),(1178,54,'2018-06-05 20:25:00','2018-06-05 22:00:00'),(1179,54,'2018-06-06 20:25:00','2018-06-06 22:00:00'),(1180,54,'2018-06-07 20:25:00','2018-06-07 22:00:00'),(1181,54,'2018-06-08 20:25:00','2018-06-08 22:00:00'),(1182,54,'2018-06-09 20:25:00','2018-06-09 22:00:00'),(1183,54,'2018-06-10 20:25:00','2018-06-10 22:00:00'),(1184,54,'2018-06-11 20:25:00','2018-06-11 22:00:00'),(1185,54,'2018-06-12 20:25:00','2018-06-12 22:00:00'),(1186,54,'2018-06-13 20:25:00','2018-06-13 22:00:00'),(1187,54,'2018-06-14 20:25:00','2018-06-14 22:00:00'),(1188,54,'2018-06-15 20:25:00','2018-06-15 22:00:00'),(1189,54,'2018-06-16 20:25:00','2018-06-16 22:00:00'),(1190,54,'2018-06-17 20:25:00','2018-06-17 22:00:00'),(1191,54,'2018-06-18 20:25:00','2018-06-18 22:00:00'),(1192,54,'2018-06-19 20:25:00','2018-06-19 22:00:00'),(1193,54,'2018-06-20 20:25:00','2018-06-20 22:00:00'),(1194,54,'2018-06-21 20:25:00','2018-06-21 22:00:00'),(1195,54,'2018-06-22 20:25:00','2018-06-22 22:00:00'),(1196,54,'2018-06-23 20:25:00','2018-06-23 22:00:00'),(1197,54,'2018-06-24 20:25:00','2018-06-24 22:00:00'),(1198,54,'2018-06-25 20:25:00','2018-06-25 22:00:00'),(1199,54,'2018-06-26 20:25:00','2018-06-26 22:00:00'),(1200,54,'2018-06-27 20:25:00','2018-06-27 22:00:00'),(1201,54,'2018-06-28 20:25:00','2018-06-28 22:00:00'),(1202,54,'2018-06-29 20:25:00','2018-06-29 22:00:00'),(1203,54,'2018-06-30 20:25:00','2018-06-30 22:00:00');
/*!40000 ALTER TABLE `Shedule` ENABLE KEYS */;
UNLOCK TABLES;

--
-- Table structure for table `Ticket`
--

DROP TABLE IF EXISTS `Ticket`;
/*!40101 SET @saved_cs_client     = @@character_set_client */;
/*!40101 SET character_set_client = utf8 */;
CREATE TABLE `Ticket` (
  `id` int(10) unsigned NOT NULL AUTO_INCREMENT,
  `sheduleId` smallint(5) unsigned NOT NULL,
  `class` enum('First','Business','Premium economy','Economy') NOT NULL,
  `amount` float(7,2) NOT NULL,
  `quantity` smallint(5) unsigned NOT NULL,
  PRIMARY KEY (`id`),
  KEY `TicketSheduleId` (`sheduleId`),
  CONSTRAINT `TicketSheduleId` FOREIGN KEY (`sheduleId`) REFERENCES `Shedule` (`id`)
) ENGINE=InnoDB AUTO_INCREMENT=2401 DEFAULT CHARSET=latin1;
/*!40101 SET character_set_client = @saved_cs_client */;

--
-- Dumping data for table `Ticket`
--

LOCK TABLES `Ticket` WRITE;
/*!40000 ALTER TABLE `Ticket` DISABLE KEYS */;
INSERT INTO `Ticket` VALUES (1,4,'Economy',150.00,40),(2,4,'Business',300.00,10),(3,5,'Economy',150.00,40),(4,5,'Business',300.00,10),(5,6,'Economy',150.00,40),(6,6,'Business',300.00,10),(7,7,'Economy',150.00,40),(8,7,'Business',300.00,10),(9,8,'Economy',150.00,40),(10,8,'Business',300.00,10),(11,9,'Economy',150.00,40),(12,9,'Business',300.00,10),(13,10,'Economy',150.00,40),(14,10,'Business',300.00,10),(15,11,'Economy',150.00,40),(16,11,'Business',300.00,10),(17,12,'Economy',150.00,40),(18,12,'Business',300.00,10),(19,13,'Economy',150.00,40),(20,13,'Business',300.00,10),(21,14,'Economy',150.00,40),(22,14,'Business',300.00,10),(23,15,'Economy',150.00,40),(24,15,'Business',300.00,10),(25,16,'Economy',150.00,40),(26,16,'Business',300.00,10),(27,17,'Economy',150.00,40),(28,17,'Business',300.00,10),(29,18,'Economy',150.00,40),(30,18,'Business',300.00,10),(31,19,'Economy',150.00,40),(32,19,'Business',300.00,10),(33,20,'Economy',150.00,40),(34,20,'Business',300.00,10),(35,21,'Economy',150.00,40),(36,21,'Business',300.00,10),(37,22,'Economy',150.00,40),(38,22,'Business',300.00,10),(39,23,'Economy',150.00,40),(40,23,'Business',300.00,10),(41,24,'Economy',150.00,40),(42,24,'Business',300.00,10),(43,25,'Economy',150.00,40),(44,25,'Business',300.00,10),(45,26,'Economy',150.00,40),(46,26,'Business',300.00,10),(47,27,'Economy',150.00,40),(48,27,'Business',300.00,10),(49,28,'Economy',150.00,40),(50,28,'Business',300.00,10),(51,29,'Economy',150.00,40),(52,29,'Business',300.00,10),(53,30,'Economy',150.00,40),(54,30,'Business',300.00,10),(55,31,'Economy',150.00,40),(56,31,'Business',300.00,10),(57,32,'Economy',150.00,40),(58,32,'Business',300.00,10),(59,33,'Economy',150.00,40),(60,33,'Business',300.00,10),(61,34,'Economy',150.00,40),(62,34,'Business',300.00,10),(63,35,'Economy',150.00,40),(64,35,'Business',300.00,10),(65,36,'Economy',150.00,40),(66,36,'Business',300.00,10),(67,37,'Economy',150.00,40),(68,37,'Business',300.00,10),(69,38,'Economy',150.00,40),(70,38,'Business',300.00,10),(71,39,'Economy',150.00,40),(72,39,'Business',300.00,10),(73,40,'Economy',150.00,40),(74,40,'Business',300.00,10),(75,41,'Economy',150.00,40),(76,41,'Business',300.00,10),(77,42,'Economy',150.00,40),(78,42,'Business',300.00,10),(79,43,'Economy',150.00,40),(80,43,'Business',300.00,10),(81,44,'Economy',150.00,40),(82,44,'Business',300.00,10),(83,45,'Economy',150.00,40),(84,45,'Business',300.00,10),(85,46,'Economy',150.00,40),(86,46,'Business',300.00,10),(87,47,'Economy',150.00,40),(88,47,'Business',300.00,10),(89,48,'Economy',150.00,40),(90,48,'Business',300.00,10),(91,49,'Economy',150.00,40),(92,49,'Business',300.00,10),(93,50,'Economy',150.00,40),(94,50,'Business',300.00,10),(95,51,'Economy',150.00,40),(96,51,'Business',300.00,10),(97,52,'Economy',150.00,40),(98,52,'Business',300.00,10),(99,53,'Economy',150.00,40),(100,53,'Business',300.00,10),(101,54,'Economy',150.00,40),(102,54,'Business',300.00,10),(103,55,'Economy',150.00,40),(104,55,'Business',300.00,10),(105,56,'Economy',150.00,40),(106,56,'Business',300.00,10),(107,57,'Economy',150.00,40),(108,57,'Business',300.00,10),(109,58,'Economy',150.00,40),(110,58,'Business',300.00,10),(111,59,'Economy',150.00,40),(112,59,'Business',300.00,10),(113,60,'Economy',150.00,40),(114,60,'Business',300.00,10),(115,61,'Economy',150.00,40),(116,61,'Business',300.00,10),(117,62,'Economy',150.00,40),(118,62,'Business',300.00,10),(119,63,'Economy',150.00,40),(120,63,'Business',300.00,10),(121,64,'Economy',150.00,40),(122,64,'Business',300.00,10),(123,65,'Economy',150.00,40),(124,65,'Business',300.00,10),(125,66,'Economy',150.00,40),(126,66,'Business',300.00,10),(127,67,'Economy',150.00,40),(128,67,'Business',300.00,10),(129,68,'Economy',150.00,40),(130,68,'Business',300.00,10),(131,69,'Economy',150.00,40),(132,69,'Business',300.00,10),(133,70,'Economy',150.00,40),(134,70,'Business',300.00,10),(135,71,'Economy',150.00,40),(136,71,'Business',300.00,10),(137,72,'Economy',150.00,40),(138,72,'Business',300.00,10),(139,73,'Economy',150.00,40),(140,73,'Business',300.00,10),(141,74,'Economy',150.00,40),(142,74,'Business',300.00,10),(143,75,'Economy',150.00,40),(144,75,'Business',300.00,10),(145,76,'Economy',150.00,40),(146,76,'Business',300.00,10),(147,77,'Economy',150.00,40),(148,77,'Business',300.00,10),(149,78,'Economy',150.00,40),(150,78,'Business',300.00,10),(151,79,'Economy',150.00,40),(152,79,'Business',300.00,10),(153,80,'Economy',150.00,40),(154,80,'Business',300.00,10),(155,81,'Economy',150.00,40),(156,81,'Business',300.00,10),(157,82,'Economy',150.00,40),(158,82,'Business',300.00,10),(159,83,'Economy',150.00,40),(160,83,'Business',300.00,10),(161,84,'Economy',150.00,40),(162,84,'Business',300.00,10),(163,85,'Economy',150.00,40),(164,85,'Business',300.00,10),(165,86,'Economy',150.00,40),(166,86,'Business',300.00,10),(167,87,'Economy',150.00,40),(168,87,'Business',300.00,10),(169,88,'Economy',150.00,40),(170,88,'Business',300.00,10),(171,89,'Economy',150.00,40),(172,89,'Business',300.00,10),(173,90,'Economy',150.00,40),(174,90,'Business',300.00,10),(175,91,'Economy',150.00,40),(176,91,'Business',300.00,10),(177,92,'Economy',150.00,40),(178,92,'Business',300.00,10),(179,93,'Economy',150.00,40),(180,93,'Business',300.00,10),(181,94,'Economy',150.00,40),(182,94,'Business',300.00,10),(183,95,'Economy',150.00,40),(184,95,'Business',300.00,10),(185,96,'Economy',150.00,40),(186,96,'Business',300.00,10),(187,97,'Economy',150.00,40),(188,97,'Business',300.00,10),(189,98,'Economy',150.00,40),(190,98,'Business',300.00,10),(191,99,'Economy',150.00,40),(192,99,'Business',300.00,10),(193,100,'Economy',150.00,40),(194,100,'Business',300.00,10),(195,101,'Economy',150.00,40),(196,101,'Business',300.00,10),(197,102,'Economy',150.00,40),(198,102,'Business',300.00,10),(199,103,'Economy',150.00,40),(200,103,'Business',300.00,10),(201,104,'Economy',150.00,40),(202,104,'Business',300.00,10),(203,105,'Economy',150.00,40),(204,105,'Business',300.00,10),(205,106,'Economy',150.00,40),(206,106,'Business',300.00,10),(207,107,'Economy',150.00,40),(208,107,'Business',300.00,10),(209,108,'Economy',150.00,40),(210,108,'Business',300.00,10),(211,109,'Economy',150.00,40),(212,109,'Business',300.00,10),(213,110,'Economy',150.00,40),(214,110,'Business',300.00,10),(215,111,'Economy',150.00,40),(216,111,'Business',300.00,10),(217,112,'Economy',150.00,40),(218,112,'Business',300.00,10),(219,113,'Economy',150.00,40),(220,113,'Business',300.00,10),(221,114,'Economy',150.00,40),(222,114,'Business',300.00,10),(223,115,'Economy',150.00,40),(224,115,'Business',300.00,10),(225,116,'Economy',150.00,40),(226,116,'Business',300.00,10),(227,117,'Economy',150.00,40),(228,117,'Business',300.00,10),(229,118,'Economy',150.00,40),(230,118,'Business',300.00,10),(231,119,'Economy',150.00,40),(232,119,'Business',300.00,10),(233,120,'Economy',150.00,40),(234,120,'Business',300.00,10),(235,121,'Economy',150.00,40),(236,121,'Business',300.00,10),(237,122,'Economy',150.00,40),(238,122,'Business',300.00,10),(239,123,'Economy',150.00,40),(240,123,'Business',300.00,10),(241,124,'Economy',150.00,40),(242,124,'Business',300.00,10),(243,125,'Economy',150.00,40),(244,125,'Business',300.00,10),(245,126,'Economy',150.00,40),(246,126,'Business',300.00,10),(247,127,'Economy',150.00,40),(248,127,'Business',300.00,10),(249,128,'Economy',150.00,40),(250,128,'Business',300.00,10),(251,129,'Economy',150.00,40),(252,129,'Business',300.00,10),(253,130,'Economy',150.00,40),(254,130,'Business',300.00,10),(255,131,'Economy',150.00,40),(256,131,'Business',300.00,10),(257,132,'Economy',150.00,40),(258,132,'Business',300.00,10),(259,133,'Economy',150.00,40),(260,133,'Business',300.00,10),(261,134,'Economy',150.00,40),(262,134,'Business',300.00,10),(263,135,'Economy',150.00,40),(264,135,'Business',300.00,10),(265,136,'Economy',150.00,40),(266,136,'Business',300.00,10),(267,137,'Economy',150.00,40),(268,137,'Business',300.00,10),(269,138,'Economy',150.00,40),(270,138,'Business',300.00,10),(271,139,'Economy',150.00,40),(272,139,'Business',300.00,10),(273,140,'Economy',150.00,40),(274,140,'Business',300.00,10),(275,141,'Economy',150.00,40),(276,141,'Business',300.00,10),(277,142,'Economy',150.00,40),(278,142,'Business',300.00,10),(279,143,'Economy',150.00,40),(280,143,'Business',300.00,10),(281,144,'Economy',150.00,40),(282,144,'Business',300.00,10),(283,145,'Economy',150.00,40),(284,145,'Business',300.00,10),(285,146,'Economy',150.00,40),(286,146,'Business',300.00,10),(287,147,'Economy',150.00,40),(288,147,'Business',300.00,10),(289,148,'Economy',150.00,40),(290,148,'Business',300.00,10),(291,149,'Economy',150.00,40),(292,149,'Business',300.00,10),(293,150,'Economy',150.00,40),(294,150,'Business',300.00,10),(295,151,'Economy',150.00,40),(296,151,'Business',300.00,10),(297,152,'Economy',150.00,40),(298,152,'Business',300.00,10),(299,153,'Economy',150.00,40),(300,153,'Business',300.00,10),(301,154,'Economy',150.00,40),(302,154,'Business',300.00,10),(303,155,'Economy',150.00,40),(304,155,'Business',300.00,10),(305,156,'Economy',150.00,40),(306,156,'Business',300.00,10),(307,157,'Economy',150.00,40),(308,157,'Business',300.00,10),(309,158,'Economy',150.00,40),(310,158,'Business',300.00,10),(311,159,'Economy',150.00,40),(312,159,'Business',300.00,10),(313,160,'Economy',150.00,40),(314,160,'Business',300.00,10),(315,161,'Economy',150.00,40),(316,161,'Business',300.00,10),(317,162,'Economy',150.00,40),(318,162,'Business',300.00,10),(319,163,'Economy',150.00,40),(320,163,'Business',300.00,10),(321,164,'Economy',150.00,40),(322,164,'Business',300.00,10),(323,165,'Economy',150.00,40),(324,165,'Business',300.00,10),(325,166,'Economy',150.00,40),(326,166,'Business',300.00,10),(327,167,'Economy',150.00,40),(328,167,'Business',300.00,10),(329,168,'Economy',150.00,40),(330,168,'Business',300.00,10),(331,169,'Economy',150.00,40),(332,169,'Business',300.00,10),(333,170,'Economy',150.00,40),(334,170,'Business',300.00,10),(335,171,'Economy',150.00,40),(336,171,'Business',300.00,10),(337,172,'Economy',150.00,40),(338,172,'Business',300.00,10),(339,173,'Economy',150.00,40),(340,173,'Business',300.00,10),(341,174,'Economy',150.00,40),(342,174,'Business',300.00,10),(343,175,'Economy',150.00,40),(344,175,'Business',300.00,10),(345,176,'Economy',150.00,40),(346,176,'Business',300.00,10),(347,177,'Economy',150.00,40),(348,177,'Business',300.00,10),(349,178,'Economy',150.00,40),(350,178,'Business',300.00,10),(351,179,'Economy',150.00,40),(352,179,'Business',300.00,10),(353,180,'Economy',150.00,40),(354,180,'Business',300.00,10),(355,181,'Economy',150.00,40),(356,181,'Business',300.00,10),(357,182,'Economy',150.00,40),(358,182,'Business',300.00,10),(359,183,'Economy',150.00,40),(360,183,'Business',300.00,10),(361,184,'Economy',150.00,40),(362,184,'Business',300.00,10),(363,185,'Economy',150.00,40),(364,185,'Business',300.00,10),(365,186,'Economy',150.00,40),(366,186,'Business',300.00,10),(367,187,'Economy',150.00,40),(368,187,'Business',300.00,10),(369,188,'Economy',150.00,40),(370,188,'Business',300.00,10),(371,189,'Economy',150.00,40),(372,189,'Business',300.00,10),(373,190,'Economy',150.00,40),(374,190,'Business',300.00,10),(375,191,'Economy',150.00,40),(376,191,'Business',300.00,10),(377,192,'Economy',150.00,40),(378,192,'Business',300.00,10),(379,193,'Economy',150.00,40),(380,193,'Business',300.00,10),(381,194,'Economy',150.00,40),(382,194,'Business',300.00,10),(383,195,'Economy',150.00,40),(384,195,'Business',300.00,10),(385,196,'Economy',150.00,40),(386,196,'Business',300.00,10),(387,197,'Economy',150.00,40),(388,197,'Business',300.00,10),(389,198,'Economy',150.00,40),(390,198,'Business',300.00,10),(391,199,'Economy',150.00,40),(392,199,'Business',300.00,10),(393,200,'Economy',150.00,40),(394,200,'Business',300.00,10),(395,201,'Economy',150.00,40),(396,201,'Business',300.00,10),(397,202,'Economy',150.00,40),(398,202,'Business',300.00,10),(399,203,'Economy',150.00,40),(400,203,'Business',300.00,10),(401,204,'Economy',150.00,40),(402,204,'Business',300.00,10),(403,205,'Economy',150.00,40),(404,205,'Business',300.00,10),(405,206,'Economy',150.00,40),(406,206,'Business',300.00,10),(407,207,'Economy',150.00,40),(408,207,'Business',300.00,10),(409,208,'Economy',150.00,40),(410,208,'Business',300.00,10),(411,209,'Economy',150.00,40),(412,209,'Business',300.00,10),(413,210,'Economy',150.00,40),(414,210,'Business',300.00,10),(415,211,'Economy',150.00,40),(416,211,'Business',300.00,10),(417,212,'Economy',150.00,40),(418,212,'Business',300.00,10),(419,213,'Economy',150.00,40),(420,213,'Business',300.00,10),(421,214,'Economy',150.00,40),(422,214,'Business',300.00,10),(423,215,'Economy',150.00,40),(424,215,'Business',300.00,10),(425,216,'Economy',150.00,40),(426,216,'Business',300.00,10),(427,217,'Economy',150.00,40),(428,217,'Business',300.00,10),(429,218,'Economy',150.00,40),(430,218,'Business',300.00,10),(431,219,'Economy',150.00,40),(432,219,'Business',300.00,10),(433,220,'Economy',150.00,40),(434,220,'Business',300.00,10),(435,221,'Economy',150.00,40),(436,221,'Business',300.00,10),(437,222,'Economy',150.00,40),(438,222,'Business',300.00,10),(439,223,'Economy',150.00,40),(440,223,'Business',300.00,10),(441,224,'Economy',150.00,40),(442,224,'Business',300.00,10),(443,225,'Economy',150.00,40),(444,225,'Business',300.00,10),(445,226,'Economy',150.00,40),(446,226,'Business',300.00,10),(447,227,'Economy',150.00,40),(448,227,'Business',300.00,10),(449,228,'Economy',150.00,40),(450,228,'Business',300.00,10),(451,229,'Economy',150.00,40),(452,229,'Business',300.00,10),(453,230,'Economy',150.00,40),(454,230,'Business',300.00,10),(455,231,'Economy',150.00,40),(456,231,'Business',300.00,10),(457,232,'Economy',150.00,40),(458,232,'Business',300.00,10),(459,233,'Economy',150.00,40),(460,233,'Business',300.00,10),(461,234,'Economy',150.00,40),(462,234,'Business',300.00,10),(463,235,'Economy',150.00,40),(464,235,'Business',300.00,10),(465,236,'Economy',150.00,40),(466,236,'Business',300.00,10),(467,237,'Economy',150.00,40),(468,237,'Business',300.00,10),(469,238,'Economy',150.00,40),(470,238,'Business',300.00,10),(471,239,'Economy',150.00,40),(472,239,'Business',300.00,10),(473,240,'Economy',150.00,40),(474,240,'Business',300.00,10),(475,241,'Economy',150.00,40),(476,241,'Business',300.00,10),(477,242,'Economy',150.00,40),(478,242,'Business',300.00,10),(479,243,'Economy',150.00,40),(480,243,'Business',300.00,10),(481,244,'Economy',150.00,40),(482,244,'Business',300.00,10),(483,245,'Economy',150.00,40),(484,245,'Business',300.00,10),(485,246,'Economy',150.00,40),(486,246,'Business',300.00,10),(487,247,'Economy',150.00,40),(488,247,'Business',300.00,10),(489,248,'Economy',150.00,40),(490,248,'Business',300.00,10),(491,249,'Economy',150.00,40),(492,249,'Business',300.00,10),(493,250,'Economy',150.00,40),(494,250,'Business',300.00,10),(495,251,'Economy',150.00,40),(496,251,'Business',300.00,10),(497,252,'Economy',150.00,40),(498,252,'Business',300.00,10),(499,253,'Economy',150.00,40),(500,253,'Business',300.00,10),(501,254,'Economy',150.00,40),(502,254,'Business',300.00,10),(503,255,'Economy',150.00,40),(504,255,'Business',300.00,10),(505,256,'Economy',150.00,40),(506,256,'Business',300.00,10),(507,257,'Economy',150.00,40),(508,257,'Business',300.00,10),(509,258,'Economy',150.00,40),(510,258,'Business',300.00,10),(511,259,'Economy',150.00,40),(512,259,'Business',300.00,10),(513,260,'Economy',150.00,40),(514,260,'Business',300.00,10),(515,261,'Economy',150.00,40),(516,261,'Business',300.00,10),(517,262,'Economy',150.00,40),(518,262,'Business',300.00,10),(519,263,'Economy',150.00,40),(520,263,'Business',300.00,10),(521,264,'Economy',150.00,40),(522,264,'Business',300.00,10),(523,265,'Economy',150.00,40),(524,265,'Business',300.00,10),(525,266,'Economy',150.00,40),(526,266,'Business',300.00,10),(527,267,'Economy',150.00,40),(528,267,'Business',300.00,10),(529,268,'Economy',150.00,40),(530,268,'Business',300.00,10),(531,269,'Economy',150.00,40),(532,269,'Business',300.00,10),(533,270,'Economy',150.00,40),(534,270,'Business',300.00,10),(535,271,'Economy',150.00,40),(536,271,'Business',300.00,10),(537,272,'Economy',150.00,40),(538,272,'Business',300.00,10),(539,273,'Economy',150.00,40),(540,273,'Business',300.00,10),(541,274,'Economy',150.00,40),(542,274,'Business',300.00,10),(543,275,'Economy',150.00,40),(544,275,'Business',300.00,10),(545,276,'Economy',150.00,40),(546,276,'Business',300.00,10),(547,277,'Economy',150.00,40),(548,277,'Business',300.00,10),(549,278,'Economy',150.00,40),(550,278,'Business',300.00,10),(551,279,'Economy',150.00,40),(552,279,'Business',300.00,10),(553,280,'Economy',150.00,40),(554,280,'Business',300.00,10),(555,281,'Economy',150.00,40),(556,281,'Business',300.00,10),(557,282,'Economy',150.00,40),(558,282,'Business',300.00,10),(559,283,'Economy',150.00,40),(560,283,'Business',300.00,10),(561,284,'Economy',150.00,40),(562,284,'Business',300.00,10),(563,285,'Economy',150.00,40),(564,285,'Business',300.00,10),(565,286,'Economy',150.00,40),(566,286,'Business',300.00,10),(567,287,'Economy',150.00,40),(568,287,'Business',300.00,10),(569,288,'Economy',150.00,40),(570,288,'Business',300.00,10),(571,289,'Economy',150.00,40),(572,289,'Business',300.00,10),(573,290,'Economy',150.00,40),(574,290,'Business',300.00,10),(575,291,'Economy',150.00,40),(576,291,'Business',300.00,10),(577,292,'Economy',150.00,40),(578,292,'Business',300.00,10),(579,293,'Economy',150.00,40),(580,293,'Business',300.00,10),(581,294,'Economy',150.00,40),(582,294,'Business',300.00,10),(583,295,'Economy',150.00,40),(584,295,'Business',300.00,10),(585,296,'Economy',150.00,40),(586,296,'Business',300.00,10),(587,297,'Economy',150.00,40),(588,297,'Business',300.00,10),(589,298,'Economy',150.00,40),(590,298,'Business',300.00,10),(591,299,'Economy',150.00,40),(592,299,'Business',300.00,10),(593,300,'Economy',150.00,40),(594,300,'Business',300.00,10),(595,301,'Economy',150.00,40),(596,301,'Business',300.00,10),(597,302,'Economy',150.00,40),(598,302,'Business',300.00,10),(599,303,'Economy',150.00,40),(600,303,'Business',300.00,10),(601,304,'Economy',150.00,40),(602,304,'Business',300.00,10),(603,305,'Economy',150.00,40),(604,305,'Business',300.00,10),(605,306,'Economy',150.00,40),(606,306,'Business',300.00,10),(607,307,'Economy',150.00,40),(608,307,'Business',300.00,10),(609,308,'Economy',150.00,40),(610,308,'Business',300.00,10),(611,309,'Economy',150.00,40),(612,309,'Business',300.00,10),(613,310,'Economy',150.00,40),(614,310,'Business',300.00,10),(615,311,'Economy',150.00,40),(616,311,'Business',300.00,10),(617,312,'Economy',150.00,40),(618,312,'Business',300.00,10),(619,313,'Economy',150.00,40),(620,313,'Business',300.00,10),(621,314,'Economy',150.00,40),(622,314,'Business',300.00,10),(623,315,'Economy',150.00,40),(624,315,'Business',300.00,10),(625,316,'Economy',150.00,40),(626,316,'Business',300.00,10),(627,317,'Economy',150.00,40),(628,317,'Business',300.00,10),(629,318,'Economy',150.00,40),(630,318,'Business',300.00,10),(631,319,'Economy',150.00,40),(632,319,'Business',300.00,10),(633,320,'Economy',150.00,40),(634,320,'Business',300.00,10),(635,321,'Economy',150.00,40),(636,321,'Business',300.00,10),(637,322,'Economy',150.00,40),(638,322,'Business',300.00,10),(639,323,'Economy',150.00,40),(640,323,'Business',300.00,10),(641,324,'Economy',150.00,40),(642,324,'Business',300.00,10),(643,325,'Economy',150.00,40),(644,325,'Business',300.00,10),(645,326,'Economy',150.00,40),(646,326,'Business',300.00,10),(647,327,'Economy',150.00,40),(648,327,'Business',300.00,10),(649,328,'Economy',150.00,40),(650,328,'Business',300.00,10),(651,329,'Economy',150.00,40),(652,329,'Business',300.00,10),(653,330,'Economy',150.00,40),(654,330,'Business',300.00,10),(655,331,'Economy',150.00,40),(656,331,'Business',300.00,10),(657,332,'Economy',150.00,40),(658,332,'Business',300.00,10),(659,333,'Economy',150.00,40),(660,333,'Business',300.00,10),(661,334,'Economy',150.00,40),(662,334,'Business',300.00,10),(663,335,'Economy',150.00,40),(664,335,'Business',300.00,10),(665,336,'Economy',150.00,40),(666,336,'Business',300.00,10),(667,337,'Economy',150.00,40),(668,337,'Business',300.00,10),(669,338,'Economy',150.00,40),(670,338,'Business',300.00,10),(671,339,'Economy',150.00,40),(672,339,'Business',300.00,10),(673,340,'Economy',150.00,40),(674,340,'Business',300.00,10),(675,341,'Economy',150.00,40),(676,341,'Business',300.00,10),(677,342,'Economy',150.00,40),(678,342,'Business',300.00,10),(679,343,'Economy',150.00,40),(680,343,'Business',300.00,10),(681,344,'Economy',150.00,40),(682,344,'Business',300.00,10),(683,345,'Economy',150.00,40),(684,345,'Business',300.00,10),(685,346,'Economy',150.00,40),(686,346,'Business',300.00,10),(687,347,'Economy',150.00,40),(688,347,'Business',300.00,10),(689,348,'Economy',150.00,40),(690,348,'Business',300.00,10),(691,349,'Economy',150.00,40),(692,349,'Business',300.00,10),(693,350,'Economy',150.00,40),(694,350,'Business',300.00,10),(695,351,'Economy',150.00,40),(696,351,'Business',300.00,10),(697,352,'Economy',150.00,40),(698,352,'Business',300.00,10),(699,353,'Economy',150.00,40),(700,353,'Business',300.00,10),(701,354,'Economy',150.00,40),(702,354,'Business',300.00,10),(703,355,'Economy',150.00,40),(704,355,'Business',300.00,10),(705,356,'Economy',150.00,40),(706,356,'Business',300.00,10),(707,357,'Economy',150.00,40),(708,357,'Business',300.00,10),(709,358,'Economy',150.00,40),(710,358,'Business',300.00,10),(711,359,'Economy',150.00,40),(712,359,'Business',300.00,10),(713,360,'Economy',150.00,40),(714,360,'Business',300.00,10),(715,361,'Economy',150.00,40),(716,361,'Business',300.00,10),(717,362,'Economy',150.00,40),(718,362,'Business',300.00,10),(719,363,'Economy',150.00,40),(720,363,'Business',300.00,10),(721,364,'Economy',150.00,40),(722,364,'Business',300.00,10),(723,365,'Economy',150.00,40),(724,365,'Business',300.00,10),(725,366,'Economy',150.00,40),(726,366,'Business',300.00,10),(727,367,'Economy',150.00,40),(728,367,'Business',300.00,10),(729,368,'Economy',150.00,40),(730,368,'Business',300.00,10),(731,369,'Economy',150.00,40),(732,369,'Business',300.00,10),(733,370,'Economy',150.00,40),(734,370,'Business',300.00,10),(735,371,'Economy',150.00,40),(736,371,'Business',300.00,10),(737,372,'Economy',150.00,40),(738,372,'Business',300.00,10),(739,373,'Economy',150.00,40),(740,373,'Business',300.00,10),(741,374,'Economy',150.00,40),(742,374,'Business',300.00,10),(743,375,'Economy',150.00,40),(744,375,'Business',300.00,10),(745,376,'Economy',150.00,40),(746,376,'Business',300.00,10),(747,377,'Economy',150.00,40),(748,377,'Business',300.00,10),(749,378,'Economy',150.00,40),(750,378,'Business',300.00,10),(751,379,'Economy',150.00,40),(752,379,'Business',300.00,10),(753,380,'Economy',150.00,40),(754,380,'Business',300.00,10),(755,381,'Economy',150.00,40),(756,381,'Business',300.00,10),(757,382,'Economy',150.00,40),(758,382,'Business',300.00,10),(759,383,'Economy',150.00,40),(760,383,'Business',300.00,10),(761,384,'Economy',150.00,40),(762,384,'Business',300.00,10),(763,385,'Economy',150.00,40),(764,385,'Business',300.00,10),(765,386,'Economy',150.00,40),(766,386,'Business',300.00,10),(767,387,'Economy',150.00,40),(768,387,'Business',300.00,10),(769,388,'Economy',150.00,40),(770,388,'Business',300.00,10),(771,389,'Economy',150.00,40),(772,389,'Business',300.00,10),(773,390,'Economy',150.00,40),(774,390,'Business',300.00,10),(775,391,'Economy',150.00,40),(776,391,'Business',300.00,10),(777,392,'Economy',150.00,40),(778,392,'Business',300.00,10),(779,393,'Economy',150.00,40),(780,393,'Business',300.00,10),(781,394,'Economy',150.00,40),(782,394,'Business',300.00,10),(783,395,'Economy',150.00,40),(784,395,'Business',300.00,10),(785,396,'Economy',150.00,40),(786,396,'Business',300.00,10),(787,397,'Economy',150.00,40),(788,397,'Business',300.00,10),(789,398,'Economy',150.00,40),(790,398,'Business',300.00,10),(791,399,'Economy',150.00,40),(792,399,'Business',300.00,10),(793,400,'Economy',150.00,40),(794,400,'Business',300.00,10),(795,401,'Economy',150.00,40),(796,401,'Business',300.00,10),(797,402,'Economy',150.00,40),(798,402,'Business',300.00,10),(799,403,'Economy',150.00,40),(800,403,'Business',300.00,10),(801,404,'Economy',150.00,40),(802,404,'Business',300.00,10),(803,405,'Economy',150.00,40),(804,405,'Business',300.00,10),(805,406,'Economy',150.00,40),(806,406,'Business',300.00,10),(807,407,'Economy',150.00,40),(808,407,'Business',300.00,10),(809,408,'Economy',150.00,40),(810,408,'Business',300.00,10),(811,409,'Economy',150.00,40),(812,409,'Business',300.00,10),(813,410,'Economy',150.00,40),(814,410,'Business',300.00,10),(815,411,'Economy',150.00,40),(816,411,'Business',300.00,10),(817,412,'Economy',150.00,40),(818,412,'Business',300.00,10),(819,413,'Economy',150.00,40),(820,413,'Business',300.00,10),(821,414,'Economy',150.00,40),(822,414,'Business',300.00,10),(823,415,'Economy',150.00,40),(824,415,'Business',300.00,10),(825,416,'Economy',150.00,40),(826,416,'Business',300.00,10),(827,417,'Economy',150.00,40),(828,417,'Business',300.00,10),(829,418,'Economy',150.00,40),(830,418,'Business',300.00,10),(831,419,'Economy',150.00,40),(832,419,'Business',300.00,10),(833,420,'Economy',150.00,40),(834,420,'Business',300.00,10),(835,421,'Economy',150.00,40),(836,421,'Business',300.00,10),(837,422,'Economy',150.00,40),(838,422,'Business',300.00,10),(839,423,'Economy',150.00,40),(840,423,'Business',300.00,10),(841,424,'Economy',150.00,40),(842,424,'Business',300.00,10),(843,425,'Economy',150.00,40),(844,425,'Business',300.00,10),(845,426,'Economy',150.00,40),(846,426,'Business',300.00,10),(847,427,'Economy',150.00,40),(848,427,'Business',300.00,10),(849,428,'Economy',150.00,40),(850,428,'Business',300.00,10),(851,429,'Economy',150.00,40),(852,429,'Business',300.00,10),(853,430,'Economy',150.00,40),(854,430,'Business',300.00,10),(855,431,'Economy',150.00,40),(856,431,'Business',300.00,10),(857,432,'Economy',150.00,40),(858,432,'Business',300.00,10),(859,433,'Economy',150.00,40),(860,433,'Business',300.00,10),(861,434,'Economy',150.00,40),(862,434,'Business',300.00,10),(863,435,'Economy',150.00,40),(864,435,'Business',300.00,10),(865,436,'Economy',150.00,40),(866,436,'Business',300.00,10),(867,437,'Economy',150.00,40),(868,437,'Business',300.00,10),(869,438,'Economy',150.00,40),(870,438,'Business',300.00,10),(871,439,'Economy',150.00,40),(872,439,'Business',300.00,10),(873,440,'Economy',150.00,40),(874,440,'Business',300.00,10),(875,441,'Economy',150.00,40),(876,441,'Business',300.00,10),(877,442,'Economy',150.00,40),(878,442,'Business',300.00,10),(879,443,'Economy',150.00,40),(880,443,'Business',300.00,10),(881,444,'Economy',150.00,40),(882,444,'Business',300.00,10),(883,445,'Economy',150.00,40),(884,445,'Business',300.00,10),(885,446,'Economy',150.00,40),(886,446,'Business',300.00,10),(887,447,'Economy',150.00,40),(888,447,'Business',300.00,10),(889,448,'Economy',150.00,40),(890,448,'Business',300.00,10),(891,449,'Economy',150.00,40),(892,449,'Business',300.00,10),(893,450,'Economy',150.00,40),(894,450,'Business',300.00,10),(895,451,'Economy',150.00,40),(896,451,'Business',300.00,10),(897,452,'Economy',150.00,40),(898,452,'Business',300.00,10),(899,453,'Economy',150.00,40),(900,453,'Business',300.00,10),(901,454,'Economy',150.00,40),(902,454,'Business',300.00,10),(903,455,'Economy',150.00,40),(904,455,'Business',300.00,10),(905,456,'Economy',150.00,40),(906,456,'Business',300.00,10),(907,457,'Economy',150.00,40),(908,457,'Business',300.00,10),(909,458,'Economy',150.00,40),(910,458,'Business',300.00,10),(911,459,'Economy',150.00,40),(912,459,'Business',300.00,10),(913,460,'Economy',150.00,40),(914,460,'Business',300.00,10),(915,461,'Economy',150.00,40),(916,461,'Business',300.00,10),(917,462,'Economy',150.00,40),(918,462,'Business',300.00,10),(919,463,'Economy',150.00,40),(920,463,'Business',300.00,10),(921,464,'Economy',150.00,40),(922,464,'Business',300.00,10),(923,465,'Economy',150.00,40),(924,465,'Business',300.00,10),(925,466,'Economy',150.00,40),(926,466,'Business',300.00,10),(927,467,'Economy',150.00,40),(928,467,'Business',300.00,10),(929,468,'Economy',150.00,40),(930,468,'Business',300.00,10),(931,469,'Economy',150.00,40),(932,469,'Business',300.00,10),(933,470,'Economy',150.00,40),(934,470,'Business',300.00,10),(935,471,'Economy',150.00,40),(936,471,'Business',300.00,10),(937,472,'Economy',150.00,40),(938,472,'Business',300.00,10),(939,473,'Economy',150.00,40),(940,473,'Business',300.00,10),(941,474,'Economy',150.00,40),(942,474,'Business',300.00,10),(943,475,'Economy',150.00,40),(944,475,'Business',300.00,10),(945,476,'Economy',150.00,40),(946,476,'Business',300.00,10),(947,477,'Economy',150.00,40),(948,477,'Business',300.00,10),(949,478,'Economy',150.00,40),(950,478,'Business',300.00,10),(951,479,'Economy',150.00,40),(952,479,'Business',300.00,10),(953,480,'Economy',150.00,40),(954,480,'Business',300.00,10),(955,481,'Economy',150.00,40),(956,481,'Business',300.00,10),(957,482,'Economy',150.00,40),(958,482,'Business',300.00,10),(959,483,'Economy',150.00,40),(960,483,'Business',300.00,10),(961,484,'Economy',150.00,40),(962,484,'Business',300.00,10),(963,485,'Economy',150.00,40),(964,485,'Business',300.00,10),(965,486,'Economy',150.00,40),(966,486,'Business',300.00,10),(967,487,'Economy',150.00,40),(968,487,'Business',300.00,10),(969,488,'Economy',150.00,40),(970,488,'Business',300.00,10),(971,489,'Economy',150.00,40),(972,489,'Business',300.00,10),(973,490,'Economy',150.00,40),(974,490,'Business',300.00,10),(975,491,'Economy',150.00,40),(976,491,'Business',300.00,10),(977,492,'Economy',150.00,40),(978,492,'Business',300.00,10),(979,493,'Economy',150.00,40),(980,493,'Business',300.00,10),(981,494,'Economy',150.00,40),(982,494,'Business',300.00,10),(983,495,'Economy',150.00,40),(984,495,'Business',300.00,10),(985,496,'Economy',150.00,40),(986,496,'Business',300.00,10),(987,497,'Economy',150.00,40),(988,497,'Business',300.00,10),(989,498,'Economy',150.00,40),(990,498,'Business',300.00,10),(991,499,'Economy',150.00,40),(992,499,'Business',300.00,10),(993,500,'Economy',150.00,40),(994,500,'Business',300.00,10),(995,501,'Economy',150.00,40),(996,501,'Business',300.00,10),(997,502,'Economy',150.00,40),(998,502,'Business',300.00,10),(999,503,'Economy',150.00,40),(1000,503,'Business',300.00,10),(1001,504,'Economy',150.00,40),(1002,504,'Business',300.00,10),(1003,505,'Economy',150.00,40),(1004,505,'Business',300.00,10),(1005,506,'Economy',150.00,40),(1006,506,'Business',300.00,10),(1007,507,'Economy',150.00,40),(1008,507,'Business',300.00,10),(1009,508,'Economy',150.00,40),(1010,508,'Business',300.00,10),(1011,509,'Economy',150.00,40),(1012,509,'Business',300.00,10),(1013,510,'Economy',150.00,40),(1014,510,'Business',300.00,10),(1015,511,'Economy',150.00,40),(1016,511,'Business',300.00,10),(1017,512,'Economy',150.00,40),(1018,512,'Business',300.00,10),(1019,513,'Economy',150.00,40),(1020,513,'Business',300.00,10),(1021,514,'Economy',150.00,40),(1022,514,'Business',300.00,10),(1023,515,'Economy',150.00,40),(1024,515,'Business',300.00,10),(1025,516,'Economy',150.00,40),(1026,516,'Business',300.00,10),(1027,517,'Economy',150.00,40),(1028,517,'Business',300.00,10),(1029,518,'Economy',150.00,40),(1030,518,'Business',300.00,10),(1031,519,'Economy',150.00,40),(1032,519,'Business',300.00,10),(1033,520,'Economy',150.00,40),(1034,520,'Business',300.00,10),(1035,521,'Economy',150.00,40),(1036,521,'Business',300.00,10),(1037,522,'Economy',150.00,40),(1038,522,'Business',300.00,10),(1039,523,'Economy',150.00,40),(1040,523,'Business',300.00,10),(1041,524,'Economy',150.00,40),(1042,524,'Business',300.00,10),(1043,525,'Economy',150.00,40),(1044,525,'Business',300.00,10),(1045,526,'Economy',150.00,40),(1046,526,'Business',300.00,10),(1047,527,'Economy',150.00,40),(1048,527,'Business',300.00,10),(1049,528,'Economy',150.00,40),(1050,528,'Business',300.00,10),(1051,529,'Economy',150.00,40),(1052,529,'Business',300.00,10),(1053,530,'Economy',150.00,40),(1054,530,'Business',300.00,10),(1055,531,'Economy',150.00,40),(1056,531,'Business',300.00,10),(1057,532,'Economy',150.00,40),(1058,532,'Business',300.00,10),(1059,533,'Economy',150.00,40),(1060,533,'Business',300.00,10),(1061,534,'Economy',150.00,40),(1062,534,'Business',300.00,10),(1063,535,'Economy',150.00,40),(1064,535,'Business',300.00,10),(1065,536,'Economy',150.00,40),(1066,536,'Business',300.00,10),(1067,537,'Economy',150.00,40),(1068,537,'Business',300.00,10),(1069,538,'Economy',150.00,40),(1070,538,'Business',300.00,10),(1071,539,'Economy',150.00,40),(1072,539,'Business',300.00,10),(1073,540,'Economy',150.00,40),(1074,540,'Business',300.00,10),(1075,541,'Economy',150.00,40),(1076,541,'Business',300.00,10),(1077,542,'Economy',150.00,40),(1078,542,'Business',300.00,10),(1079,543,'Economy',150.00,40),(1080,543,'Business',300.00,10),(1081,544,'Economy',150.00,40),(1082,544,'Business',300.00,10),(1083,545,'Economy',150.00,40),(1084,545,'Business',300.00,10),(1085,546,'Economy',150.00,40),(1086,546,'Business',300.00,10),(1087,547,'Economy',150.00,40),(1088,547,'Business',300.00,10),(1089,548,'Economy',150.00,40),(1090,548,'Business',300.00,10),(1091,549,'Economy',150.00,40),(1092,549,'Business',300.00,10),(1093,550,'Economy',150.00,40),(1094,550,'Business',300.00,10),(1095,551,'Economy',150.00,40),(1096,551,'Business',300.00,10),(1097,552,'Economy',150.00,40),(1098,552,'Business',300.00,10),(1099,553,'Economy',150.00,40),(1100,553,'Business',300.00,10),(1101,554,'Economy',150.00,40),(1102,554,'Business',300.00,10),(1103,555,'Economy',150.00,40),(1104,555,'Business',300.00,10),(1105,556,'Economy',150.00,40),(1106,556,'Business',300.00,10),(1107,557,'Economy',150.00,40),(1108,557,'Business',300.00,10),(1109,558,'Economy',150.00,40),(1110,558,'Business',300.00,10),(1111,559,'Economy',150.00,40),(1112,559,'Business',300.00,10),(1113,560,'Economy',150.00,40),(1114,560,'Business',300.00,10),(1115,561,'Economy',150.00,40),(1116,561,'Business',300.00,10),(1117,562,'Economy',150.00,40),(1118,562,'Business',300.00,10),(1119,563,'Economy',150.00,40),(1120,563,'Business',300.00,10),(1121,564,'Economy',150.00,40),(1122,564,'Business',300.00,10),(1123,565,'Economy',150.00,40),(1124,565,'Business',300.00,10),(1125,566,'Economy',150.00,40),(1126,566,'Business',300.00,10),(1127,567,'Economy',150.00,40),(1128,567,'Business',300.00,10),(1129,568,'Economy',150.00,40),(1130,568,'Business',300.00,10),(1131,569,'Economy',150.00,40),(1132,569,'Business',300.00,10),(1133,570,'Economy',150.00,40),(1134,570,'Business',300.00,10),(1135,571,'Economy',150.00,40),(1136,571,'Business',300.00,10),(1137,572,'Economy',150.00,40),(1138,572,'Business',300.00,10),(1139,573,'Economy',150.00,40),(1140,573,'Business',300.00,10),(1141,574,'Economy',150.00,40),(1142,574,'Business',300.00,10),(1143,575,'Economy',150.00,40),(1144,575,'Business',300.00,10),(1145,576,'Economy',150.00,40),(1146,576,'Business',300.00,10),(1147,577,'Economy',150.00,40),(1148,577,'Business',300.00,10),(1149,578,'Economy',150.00,40),(1150,578,'Business',300.00,10),(1151,579,'Economy',150.00,40),(1152,579,'Business',300.00,10),(1153,580,'Economy',150.00,40),(1154,580,'Business',300.00,10),(1155,581,'Economy',150.00,40),(1156,581,'Business',300.00,10),(1157,582,'Economy',150.00,40),(1158,582,'Business',300.00,10),(1159,583,'Economy',150.00,40),(1160,583,'Business',300.00,10),(1161,584,'Economy',150.00,40),(1162,584,'Business',300.00,10),(1163,585,'Economy',150.00,40),(1164,585,'Business',300.00,10),(1165,586,'Economy',150.00,40),(1166,586,'Business',300.00,10),(1167,587,'Economy',150.00,40),(1168,587,'Business',300.00,10),(1169,588,'Economy',150.00,40),(1170,588,'Business',300.00,10),(1171,589,'Economy',150.00,40),(1172,589,'Business',300.00,10),(1173,590,'Economy',150.00,40),(1174,590,'Business',300.00,10),(1175,591,'Economy',150.00,40),(1176,591,'Business',300.00,10),(1177,592,'Economy',150.00,40),(1178,592,'Business',300.00,10),(1179,593,'Economy',150.00,40),(1180,593,'Business',300.00,10),(1181,594,'Economy',150.00,40),(1182,594,'Business',300.00,10),(1183,595,'Economy',150.00,40),(1184,595,'Business',300.00,10),(1185,596,'Economy',150.00,40),(1186,596,'Business',300.00,10),(1187,597,'Economy',150.00,40),(1188,597,'Business',300.00,10),(1189,598,'Economy',150.00,40),(1190,598,'Business',300.00,10),(1191,599,'Economy',150.00,40),(1192,599,'Business',300.00,10),(1193,600,'Economy',150.00,40),(1194,600,'Business',300.00,10),(1195,601,'Economy',150.00,40),(1196,601,'Business',300.00,10),(1197,602,'Economy',150.00,40),(1198,602,'Business',300.00,10),(1199,603,'Economy',150.00,40),(1200,603,'Business',300.00,10),(1201,604,'Economy',150.00,40),(1202,604,'Business',300.00,10),(1203,605,'Economy',150.00,40),(1204,605,'Business',300.00,10),(1205,606,'Economy',150.00,40),(1206,606,'Business',300.00,10),(1207,607,'Economy',150.00,40),(1208,607,'Business',300.00,10),(1209,608,'Economy',150.00,40),(1210,608,'Business',300.00,10),(1211,609,'Economy',150.00,40),(1212,609,'Business',300.00,10),(1213,610,'Economy',150.00,40),(1214,610,'Business',300.00,10),(1215,611,'Economy',150.00,40),(1216,611,'Business',300.00,10),(1217,612,'Economy',150.00,40),(1218,612,'Business',300.00,10),(1219,613,'Economy',150.00,40),(1220,613,'Business',300.00,10),(1221,614,'Economy',150.00,40),(1222,614,'Business',300.00,10),(1223,615,'Economy',150.00,40),(1224,615,'Business',300.00,10),(1225,616,'Economy',150.00,40),(1226,616,'Business',300.00,10),(1227,617,'Economy',150.00,40),(1228,617,'Business',300.00,10),(1229,618,'Economy',150.00,40),(1230,618,'Business',300.00,10),(1231,619,'Economy',150.00,40),(1232,619,'Business',300.00,10),(1233,620,'Economy',150.00,40),(1234,620,'Business',300.00,10),(1235,621,'Economy',150.00,40),(1236,621,'Business',300.00,10),(1237,622,'Economy',150.00,40),(1238,622,'Business',300.00,10),(1239,623,'Economy',150.00,40),(1240,623,'Business',300.00,10),(1241,624,'Economy',150.00,40),(1242,624,'Business',300.00,10),(1243,625,'Economy',150.00,40),(1244,625,'Business',300.00,10),(1245,626,'Economy',150.00,40),(1246,626,'Business',300.00,10),(1247,627,'Economy',150.00,40),(1248,627,'Business',300.00,10),(1249,628,'Economy',150.00,40),(1250,628,'Business',300.00,10),(1251,629,'Economy',150.00,40),(1252,629,'Business',300.00,10),(1253,630,'Economy',150.00,40),(1254,630,'Business',300.00,10),(1255,631,'Economy',150.00,40),(1256,631,'Business',300.00,10),(1257,632,'Economy',150.00,40),(1258,632,'Business',300.00,10),(1259,633,'Economy',150.00,40),(1260,633,'Business',300.00,10),(1261,634,'Economy',150.00,40),(1262,634,'Business',300.00,10),(1263,635,'Economy',150.00,40),(1264,635,'Business',300.00,10),(1265,636,'Economy',150.00,40),(1266,636,'Business',300.00,10),(1267,637,'Economy',150.00,40),(1268,637,'Business',300.00,10),(1269,638,'Economy',150.00,40),(1270,638,'Business',300.00,10),(1271,639,'Economy',150.00,40),(1272,639,'Business',300.00,10),(1273,640,'Economy',150.00,40),(1274,640,'Business',300.00,10),(1275,641,'Economy',150.00,40),(1276,641,'Business',300.00,10),(1277,642,'Economy',150.00,40),(1278,642,'Business',300.00,10),(1279,643,'Economy',150.00,40),(1280,643,'Business',300.00,10),(1281,644,'Economy',150.00,40),(1282,644,'Business',300.00,10),(1283,645,'Economy',150.00,40),(1284,645,'Business',300.00,10),(1285,646,'Economy',150.00,40),(1286,646,'Business',300.00,10),(1287,647,'Economy',150.00,40),(1288,647,'Business',300.00,10),(1289,648,'Economy',150.00,40),(1290,648,'Business',300.00,10),(1291,649,'Economy',150.00,40),(1292,649,'Business',300.00,10),(1293,650,'Economy',150.00,40),(1294,650,'Business',300.00,10),(1295,651,'Economy',150.00,40),(1296,651,'Business',300.00,10),(1297,652,'Economy',150.00,40),(1298,652,'Business',300.00,10),(1299,653,'Economy',150.00,40),(1300,653,'Business',300.00,10),(1301,654,'Economy',150.00,40),(1302,654,'Business',300.00,10),(1303,655,'Economy',150.00,40),(1304,655,'Business',300.00,10),(1305,656,'Economy',150.00,40),(1306,656,'Business',300.00,10),(1307,657,'Economy',150.00,40),(1308,657,'Business',300.00,10),(1309,658,'Economy',150.00,40),(1310,658,'Business',300.00,10),(1311,659,'Economy',150.00,40),(1312,659,'Business',300.00,10),(1313,660,'Economy',150.00,40),(1314,660,'Business',300.00,10),(1315,661,'Economy',150.00,40),(1316,661,'Business',300.00,10),(1317,662,'Economy',150.00,40),(1318,662,'Business',300.00,10),(1319,663,'Economy',150.00,40),(1320,663,'Business',300.00,10),(1321,664,'Economy',150.00,40),(1322,664,'Business',300.00,10),(1323,665,'Economy',150.00,40),(1324,665,'Business',300.00,10),(1325,666,'Economy',150.00,40),(1326,666,'Business',300.00,10),(1327,667,'Economy',150.00,40),(1328,667,'Business',300.00,10),(1329,668,'Economy',150.00,40),(1330,668,'Business',300.00,10),(1331,669,'Economy',150.00,40),(1332,669,'Business',300.00,10),(1333,670,'Economy',150.00,40),(1334,670,'Business',300.00,10),(1335,671,'Economy',150.00,40),(1336,671,'Business',300.00,10),(1337,672,'Economy',150.00,40),(1338,672,'Business',300.00,10),(1339,673,'Economy',150.00,40),(1340,673,'Business',300.00,10),(1341,674,'Economy',150.00,40),(1342,674,'Business',300.00,10),(1343,675,'Economy',150.00,40),(1344,675,'Business',300.00,10),(1345,676,'Economy',150.00,40),(1346,676,'Business',300.00,10),(1347,677,'Economy',150.00,40),(1348,677,'Business',300.00,10),(1349,678,'Economy',150.00,40),(1350,678,'Business',300.00,10),(1351,679,'Economy',150.00,40),(1352,679,'Business',300.00,10),(1353,680,'Economy',150.00,40),(1354,680,'Business',300.00,10),(1355,681,'Economy',150.00,40),(1356,681,'Business',300.00,10),(1357,682,'Economy',150.00,40),(1358,682,'Business',300.00,10),(1359,683,'Economy',150.00,40),(1360,683,'Business',300.00,10),(1361,684,'Economy',150.00,40),(1362,684,'Business',300.00,10),(1363,685,'Economy',150.00,40),(1364,685,'Business',300.00,10),(1365,686,'Economy',150.00,40),(1366,686,'Business',300.00,10),(1367,687,'Economy',150.00,40),(1368,687,'Business',300.00,10),(1369,688,'Economy',150.00,40),(1370,688,'Business',300.00,10),(1371,689,'Economy',150.00,40),(1372,689,'Business',300.00,10),(1373,690,'Economy',150.00,40),(1374,690,'Business',300.00,10),(1375,691,'Economy',150.00,40),(1376,691,'Business',300.00,10),(1377,692,'Economy',150.00,40),(1378,692,'Business',300.00,10),(1379,693,'Economy',150.00,40),(1380,693,'Business',300.00,10),(1381,694,'Economy',150.00,40),(1382,694,'Business',300.00,10),(1383,695,'Economy',150.00,40),(1384,695,'Business',300.00,10),(1385,696,'Economy',150.00,40),(1386,696,'Business',300.00,10),(1387,697,'Economy',150.00,40),(1388,697,'Business',300.00,10),(1389,698,'Economy',150.00,40),(1390,698,'Business',300.00,10),(1391,699,'Economy',150.00,40),(1392,699,'Business',300.00,10),(1393,700,'Economy',150.00,40),(1394,700,'Business',300.00,10),(1395,701,'Economy',150.00,40),(1396,701,'Business',300.00,10),(1397,702,'Economy',150.00,40),(1398,702,'Business',300.00,10),(1399,703,'Economy',150.00,40),(1400,703,'Business',300.00,10),(1401,704,'Economy',150.00,40),(1402,704,'Business',300.00,10),(1403,705,'Economy',150.00,40),(1404,705,'Business',300.00,10),(1405,706,'Economy',150.00,40),(1406,706,'Business',300.00,10),(1407,707,'Economy',150.00,40),(1408,707,'Business',300.00,10),(1409,708,'Economy',150.00,40),(1410,708,'Business',300.00,10),(1411,709,'Economy',150.00,40),(1412,709,'Business',300.00,10),(1413,710,'Economy',150.00,40),(1414,710,'Business',300.00,10),(1415,711,'Economy',150.00,40),(1416,711,'Business',300.00,10),(1417,712,'Economy',150.00,40),(1418,712,'Business',300.00,10),(1419,713,'Economy',150.00,40),(1420,713,'Business',300.00,10),(1421,714,'Economy',150.00,40),(1422,714,'Business',300.00,10),(1423,715,'Economy',150.00,40),(1424,715,'Business',300.00,10),(1425,716,'Economy',150.00,40),(1426,716,'Business',300.00,10),(1427,717,'Economy',150.00,40),(1428,717,'Business',300.00,10),(1429,718,'Economy',150.00,40),(1430,718,'Business',300.00,10),(1431,719,'Economy',150.00,40),(1432,719,'Business',300.00,10),(1433,720,'Economy',150.00,40),(1434,720,'Business',300.00,10),(1435,721,'Economy',150.00,40),(1436,721,'Business',300.00,10),(1437,722,'Economy',150.00,40),(1438,722,'Business',300.00,10),(1439,723,'Economy',150.00,40),(1440,723,'Business',300.00,10),(1441,724,'Economy',150.00,40),(1442,724,'Business',300.00,10),(1443,725,'Economy',150.00,40),(1444,725,'Business',300.00,10),(1445,726,'Economy',150.00,40),(1446,726,'Business',300.00,10),(1447,727,'Economy',150.00,40),(1448,727,'Business',300.00,10),(1449,728,'Economy',150.00,40),(1450,728,'Business',300.00,10),(1451,729,'Economy',150.00,40),(1452,729,'Business',300.00,10),(1453,730,'Economy',150.00,40),(1454,730,'Business',300.00,10),(1455,731,'Economy',150.00,40),(1456,731,'Business',300.00,10),(1457,732,'Economy',150.00,40),(1458,732,'Business',300.00,10),(1459,733,'Economy',150.00,40),(1460,733,'Business',300.00,10),(1461,734,'Economy',150.00,40),(1462,734,'Business',300.00,10),(1463,735,'Economy',150.00,40),(1464,735,'Business',300.00,10),(1465,736,'Economy',150.00,40),(1466,736,'Business',300.00,10),(1467,737,'Economy',150.00,40),(1468,737,'Business',300.00,10),(1469,738,'Economy',150.00,40),(1470,738,'Business',300.00,10),(1471,739,'Economy',150.00,40),(1472,739,'Business',300.00,10),(1473,740,'Economy',150.00,40),(1474,740,'Business',300.00,10),(1475,741,'Economy',150.00,40),(1476,741,'Business',300.00,10),(1477,742,'Economy',150.00,40),(1478,742,'Business',300.00,10),(1479,743,'Economy',150.00,40),(1480,743,'Business',300.00,10),(1481,744,'Economy',150.00,40),(1482,744,'Business',300.00,10),(1483,745,'Economy',150.00,40),(1484,745,'Business',300.00,10),(1485,746,'Economy',150.00,40),(1486,746,'Business',300.00,10),(1487,747,'Economy',150.00,40),(1488,747,'Business',300.00,10),(1489,748,'Economy',150.00,40),(1490,748,'Business',300.00,10),(1491,749,'Economy',150.00,40),(1492,749,'Business',300.00,10),(1493,750,'Economy',150.00,40),(1494,750,'Business',300.00,10),(1495,751,'Economy',150.00,40),(1496,751,'Business',300.00,10),(1497,752,'Economy',150.00,40),(1498,752,'Business',300.00,10),(1499,753,'Economy',150.00,40),(1500,753,'Business',300.00,10),(1501,754,'Economy',150.00,40),(1502,754,'Business',300.00,10),(1503,755,'Economy',150.00,40),(1504,755,'Business',300.00,10),(1505,756,'Economy',150.00,40),(1506,756,'Business',300.00,10),(1507,757,'Economy',150.00,40),(1508,757,'Business',300.00,10),(1509,758,'Economy',150.00,40),(1510,758,'Business',300.00,10),(1511,759,'Economy',150.00,40),(1512,759,'Business',300.00,10),(1513,760,'Economy',150.00,40),(1514,760,'Business',300.00,10),(1515,761,'Economy',150.00,40),(1516,761,'Business',300.00,10),(1517,762,'Economy',150.00,40),(1518,762,'Business',300.00,10),(1519,763,'Economy',150.00,40),(1520,763,'Business',300.00,10),(1521,764,'Economy',150.00,40),(1522,764,'Business',300.00,10),(1523,765,'Economy',150.00,40),(1524,765,'Business',300.00,10),(1525,766,'Economy',150.00,40),(1526,766,'Business',300.00,10),(1527,767,'Economy',150.00,40),(1528,767,'Business',300.00,10),(1529,768,'Economy',150.00,40),(1530,768,'Business',300.00,10),(1531,769,'Economy',150.00,40),(1532,769,'Business',300.00,10),(1533,770,'Economy',150.00,40),(1534,770,'Business',300.00,10),(1535,771,'Economy',150.00,40),(1536,771,'Business',300.00,10),(1537,772,'Economy',150.00,40),(1538,772,'Business',300.00,10),(1539,773,'Economy',150.00,40),(1540,773,'Business',300.00,10),(1541,774,'Economy',150.00,40),(1542,774,'Business',300.00,10),(1543,775,'Economy',150.00,40),(1544,775,'Business',300.00,10),(1545,776,'Economy',150.00,40),(1546,776,'Business',300.00,10),(1547,777,'Economy',150.00,40),(1548,777,'Business',300.00,10),(1549,778,'Economy',150.00,40),(1550,778,'Business',300.00,10),(1551,779,'Economy',150.00,40),(1552,779,'Business',300.00,10),(1553,780,'Economy',150.00,40),(1554,780,'Business',300.00,10),(1555,781,'Economy',150.00,40),(1556,781,'Business',300.00,10),(1557,782,'Economy',150.00,40),(1558,782,'Business',300.00,10),(1559,783,'Economy',150.00,40),(1560,783,'Business',300.00,10),(1561,784,'Economy',150.00,40),(1562,784,'Business',300.00,10),(1563,785,'Economy',150.00,40),(1564,785,'Business',300.00,10),(1565,786,'Economy',150.00,40),(1566,786,'Business',300.00,10),(1567,787,'Economy',150.00,40),(1568,787,'Business',300.00,10),(1569,788,'Economy',150.00,40),(1570,788,'Business',300.00,10),(1571,789,'Economy',150.00,40),(1572,789,'Business',300.00,10),(1573,790,'Economy',150.00,40),(1574,790,'Business',300.00,10),(1575,791,'Economy',150.00,40),(1576,791,'Business',300.00,10),(1577,792,'Economy',150.00,40),(1578,792,'Business',300.00,10),(1579,793,'Economy',150.00,40),(1580,793,'Business',300.00,10),(1581,794,'Economy',150.00,40),(1582,794,'Business',300.00,10),(1583,795,'Economy',150.00,40),(1584,795,'Business',300.00,10),(1585,796,'Economy',150.00,40),(1586,796,'Business',300.00,10),(1587,797,'Economy',150.00,40),(1588,797,'Business',300.00,10),(1589,798,'Economy',150.00,40),(1590,798,'Business',300.00,10),(1591,799,'Economy',150.00,40),(1592,799,'Business',300.00,10),(1593,800,'Economy',150.00,40),(1594,800,'Business',300.00,10),(1595,801,'Economy',150.00,40),(1596,801,'Business',300.00,10),(1597,802,'Economy',150.00,40),(1598,802,'Business',300.00,10),(1599,803,'Economy',150.00,40),(1600,803,'Business',300.00,10),(1601,804,'Economy',150.00,40),(1602,804,'Business',300.00,10),(1603,805,'Economy',150.00,40),(1604,805,'Business',300.00,10),(1605,806,'Economy',150.00,40),(1606,806,'Business',300.00,10),(1607,807,'Economy',150.00,40),(1608,807,'Business',300.00,10),(1609,808,'Economy',150.00,40),(1610,808,'Business',300.00,10),(1611,809,'Economy',150.00,40),(1612,809,'Business',300.00,10),(1613,810,'Economy',150.00,40),(1614,810,'Business',300.00,10),(1615,811,'Economy',150.00,40),(1616,811,'Business',300.00,10),(1617,812,'Economy',150.00,40),(1618,812,'Business',300.00,10),(1619,813,'Economy',150.00,40),(1620,813,'Business',300.00,10),(1621,814,'Economy',150.00,40),(1622,814,'Business',300.00,10),(1623,815,'Economy',150.00,40),(1624,815,'Business',300.00,10),(1625,816,'Economy',150.00,40),(1626,816,'Business',300.00,10),(1627,817,'Economy',150.00,40),(1628,817,'Business',300.00,10),(1629,818,'Economy',150.00,40),(1630,818,'Business',300.00,10),(1631,819,'Economy',150.00,40),(1632,819,'Business',300.00,10),(1633,820,'Economy',150.00,40),(1634,820,'Business',300.00,10),(1635,821,'Economy',150.00,40),(1636,821,'Business',300.00,10),(1637,822,'Economy',150.00,40),(1638,822,'Business',300.00,10),(1639,823,'Economy',150.00,40),(1640,823,'Business',300.00,10),(1641,824,'Economy',150.00,40),(1642,824,'Business',300.00,10),(1643,825,'Economy',150.00,40),(1644,825,'Business',300.00,10),(1645,826,'Economy',150.00,40),(1646,826,'Business',300.00,10),(1647,827,'Economy',150.00,40),(1648,827,'Business',300.00,10),(1649,828,'Economy',150.00,40),(1650,828,'Business',300.00,10),(1651,829,'Economy',150.00,40),(1652,829,'Business',300.00,10),(1653,830,'Economy',150.00,40),(1654,830,'Business',300.00,10),(1655,831,'Economy',150.00,40),(1656,831,'Business',300.00,10),(1657,832,'Economy',150.00,40),(1658,832,'Business',300.00,10),(1659,833,'Economy',150.00,40),(1660,833,'Business',300.00,10),(1661,834,'Economy',150.00,40),(1662,834,'Business',300.00,10),(1663,835,'Economy',150.00,40),(1664,835,'Business',300.00,10),(1665,836,'Economy',150.00,40),(1666,836,'Business',300.00,10),(1667,837,'Economy',150.00,40),(1668,837,'Business',300.00,10),(1669,838,'Economy',150.00,40),(1670,838,'Business',300.00,10),(1671,839,'Economy',150.00,40),(1672,839,'Business',300.00,10),(1673,840,'Economy',150.00,40),(1674,840,'Business',300.00,10),(1675,841,'Economy',150.00,40),(1676,841,'Business',300.00,10),(1677,842,'Economy',150.00,40),(1678,842,'Business',300.00,10),(1679,843,'Economy',150.00,40),(1680,843,'Business',300.00,10),(1681,844,'Economy',150.00,40),(1682,844,'Business',300.00,10),(1683,845,'Economy',150.00,40),(1684,845,'Business',300.00,10),(1685,846,'Economy',150.00,40),(1686,846,'Business',300.00,10),(1687,847,'Economy',150.00,40),(1688,847,'Business',300.00,10),(1689,848,'Economy',150.00,40),(1690,848,'Business',300.00,10),(1691,849,'Economy',150.00,40),(1692,849,'Business',300.00,10),(1693,850,'Economy',150.00,40),(1694,850,'Business',300.00,10),(1695,851,'Economy',150.00,40),(1696,851,'Business',300.00,10),(1697,852,'Economy',150.00,40),(1698,852,'Business',300.00,10),(1699,853,'Economy',150.00,40),(1700,853,'Business',300.00,10),(1701,854,'Economy',150.00,40),(1702,854,'Business',300.00,10),(1703,855,'Economy',150.00,40),(1704,855,'Business',300.00,10),(1705,856,'Economy',150.00,40),(1706,856,'Business',300.00,10),(1707,857,'Economy',150.00,40),(1708,857,'Business',300.00,10),(1709,858,'Economy',150.00,40),(1710,858,'Business',300.00,10),(1711,859,'Economy',150.00,40),(1712,859,'Business',300.00,10),(1713,860,'Economy',150.00,40),(1714,860,'Business',300.00,10),(1715,861,'Economy',150.00,40),(1716,861,'Business',300.00,10),(1717,862,'Economy',150.00,40),(1718,862,'Business',300.00,10),(1719,863,'Economy',150.00,40),(1720,863,'Business',300.00,10),(1721,864,'Economy',150.00,40),(1722,864,'Business',300.00,10),(1723,865,'Economy',150.00,40),(1724,865,'Business',300.00,10),(1725,866,'Economy',150.00,40),(1726,866,'Business',300.00,10),(1727,867,'Economy',150.00,40),(1728,867,'Business',300.00,10),(1729,868,'Economy',150.00,40),(1730,868,'Business',300.00,10),(1731,869,'Economy',150.00,40),(1732,869,'Business',300.00,10),(1733,870,'Economy',150.00,40),(1734,870,'Business',300.00,10),(1735,871,'Economy',150.00,40),(1736,871,'Business',300.00,10),(1737,872,'Economy',150.00,40),(1738,872,'Business',300.00,10),(1739,873,'Economy',150.00,40),(1740,873,'Business',300.00,10),(1741,874,'Economy',150.00,40),(1742,874,'Business',300.00,10),(1743,875,'Economy',150.00,40),(1744,875,'Business',300.00,10),(1745,876,'Economy',150.00,40),(1746,876,'Business',300.00,10),(1747,877,'Economy',150.00,40),(1748,877,'Business',300.00,10),(1749,878,'Economy',150.00,40),(1750,878,'Business',300.00,10),(1751,879,'Economy',150.00,40),(1752,879,'Business',300.00,10),(1753,880,'Economy',150.00,40),(1754,880,'Business',300.00,10),(1755,881,'Economy',150.00,40),(1756,881,'Business',300.00,10),(1757,882,'Economy',150.00,40),(1758,882,'Business',300.00,10),(1759,883,'Economy',150.00,40),(1760,883,'Business',300.00,10),(1761,884,'Economy',150.00,40),(1762,884,'Business',300.00,10),(1763,885,'Economy',150.00,40),(1764,885,'Business',300.00,10),(1765,886,'Economy',150.00,40),(1766,886,'Business',300.00,10),(1767,887,'Economy',150.00,40),(1768,887,'Business',300.00,10),(1769,888,'Economy',150.00,40),(1770,888,'Business',300.00,10),(1771,889,'Economy',150.00,40),(1772,889,'Business',300.00,10),(1773,890,'Economy',150.00,40),(1774,890,'Business',300.00,10),(1775,891,'Economy',150.00,40),(1776,891,'Business',300.00,10),(1777,892,'Economy',150.00,40),(1778,892,'Business',300.00,10),(1779,893,'Economy',150.00,40),(1780,893,'Business',300.00,10),(1781,894,'Economy',150.00,40),(1782,894,'Business',300.00,10),(1783,895,'Economy',150.00,40),(1784,895,'Business',300.00,10),(1785,896,'Economy',150.00,40),(1786,896,'Business',300.00,10),(1787,897,'Economy',150.00,40),(1788,897,'Business',300.00,10),(1789,898,'Economy',150.00,40),(1790,898,'Business',300.00,10),(1791,899,'Economy',150.00,40),(1792,899,'Business',300.00,10),(1793,900,'Economy',150.00,40),(1794,900,'Business',300.00,10),(1795,901,'Economy',150.00,40),(1796,901,'Business',300.00,10),(1797,902,'Economy',150.00,40),(1798,902,'Business',300.00,10),(1799,903,'Economy',150.00,40),(1800,903,'Business',300.00,10),(1801,904,'Economy',150.00,40),(1802,904,'Business',300.00,10),(1803,905,'Economy',150.00,40),(1804,905,'Business',300.00,10),(1805,906,'Economy',150.00,40),(1806,906,'Business',300.00,10),(1807,907,'Economy',150.00,40),(1808,907,'Business',300.00,10),(1809,908,'Economy',150.00,40),(1810,908,'Business',300.00,10),(1811,909,'Economy',150.00,40),(1812,909,'Business',300.00,10),(1813,910,'Economy',150.00,40),(1814,910,'Business',300.00,10),(1815,911,'Economy',150.00,40),(1816,911,'Business',300.00,10),(1817,912,'Economy',150.00,40),(1818,912,'Business',300.00,10),(1819,913,'Economy',150.00,40),(1820,913,'Business',300.00,10),(1821,914,'Economy',150.00,40),(1822,914,'Business',300.00,10),(1823,915,'Economy',150.00,40),(1824,915,'Business',300.00,10),(1825,916,'Economy',150.00,40),(1826,916,'Business',300.00,10),(1827,917,'Economy',150.00,40),(1828,917,'Business',300.00,10),(1829,918,'Economy',150.00,40),(1830,918,'Business',300.00,10),(1831,919,'Economy',150.00,40),(1832,919,'Business',300.00,10),(1833,920,'Economy',150.00,40),(1834,920,'Business',300.00,10),(1835,921,'Economy',150.00,40),(1836,921,'Business',300.00,10),(1837,922,'Economy',150.00,40),(1838,922,'Business',300.00,10),(1839,923,'Economy',150.00,40),(1840,923,'Business',300.00,10),(1841,924,'Economy',150.00,40),(1842,924,'Business',300.00,10),(1843,925,'Economy',150.00,40),(1844,925,'Business',300.00,10),(1845,926,'Economy',150.00,40),(1846,926,'Business',300.00,10),(1847,927,'Economy',150.00,40),(1848,927,'Business',300.00,10),(1849,928,'Economy',150.00,40),(1850,928,'Business',300.00,10),(1851,929,'Economy',150.00,40),(1852,929,'Business',300.00,10),(1853,930,'Economy',150.00,40),(1854,930,'Business',300.00,10),(1855,931,'Economy',150.00,40),(1856,931,'Business',300.00,10),(1857,932,'Economy',150.00,40),(1858,932,'Business',300.00,10),(1859,933,'Economy',150.00,40),(1860,933,'Business',300.00,10),(1861,934,'Economy',150.00,40),(1862,934,'Business',300.00,10),(1863,935,'Economy',150.00,40),(1864,935,'Business',300.00,10),(1865,936,'Economy',150.00,40),(1866,936,'Business',300.00,10),(1867,937,'Economy',150.00,40),(1868,937,'Business',300.00,10),(1869,938,'Economy',150.00,40),(1870,938,'Business',300.00,10),(1871,939,'Economy',150.00,40),(1872,939,'Business',300.00,10),(1873,940,'Economy',150.00,40),(1874,940,'Business',300.00,10),(1875,941,'Economy',150.00,40),(1876,941,'Business',300.00,10),(1877,942,'Economy',150.00,40),(1878,942,'Business',300.00,10),(1879,943,'Economy',150.00,40),(1880,943,'Business',300.00,10),(1881,944,'Economy',150.00,40),(1882,944,'Business',300.00,10),(1883,945,'Economy',150.00,40),(1884,945,'Business',300.00,10),(1885,946,'Economy',150.00,40),(1886,946,'Business',300.00,10),(1887,947,'Economy',150.00,40),(1888,947,'Business',300.00,10),(1889,948,'Economy',150.00,40),(1890,948,'Business',300.00,10),(1891,949,'Economy',150.00,40),(1892,949,'Business',300.00,10),(1893,950,'Economy',150.00,40),(1894,950,'Business',300.00,10),(1895,951,'Economy',150.00,40),(1896,951,'Business',300.00,10),(1897,952,'Economy',150.00,40),(1898,952,'Business',300.00,10),(1899,953,'Economy',150.00,40),(1900,953,'Business',300.00,10),(1901,954,'Economy',150.00,40),(1902,954,'Business',300.00,10),(1903,955,'Economy',150.00,40),(1904,955,'Business',300.00,10),(1905,956,'Economy',150.00,40),(1906,956,'Business',300.00,10),(1907,957,'Economy',150.00,40),(1908,957,'Business',300.00,10),(1909,958,'Economy',150.00,40),(1910,958,'Business',300.00,10),(1911,959,'Economy',150.00,40),(1912,959,'Business',300.00,10),(1913,960,'Economy',150.00,40),(1914,960,'Business',300.00,10),(1915,961,'Economy',150.00,40),(1916,961,'Business',300.00,10),(1917,962,'Economy',150.00,40),(1918,962,'Business',300.00,10),(1919,963,'Economy',150.00,40),(1920,963,'Business',300.00,10),(1921,964,'Economy',150.00,40),(1922,964,'Business',300.00,10),(1923,965,'Economy',150.00,40),(1924,965,'Business',300.00,10),(1925,966,'Economy',150.00,40),(1926,966,'Business',300.00,10),(1927,967,'Economy',150.00,40),(1928,967,'Business',300.00,10),(1929,968,'Economy',150.00,40),(1930,968,'Business',300.00,10),(1931,969,'Economy',150.00,40),(1932,969,'Business',300.00,10),(1933,970,'Economy',150.00,40),(1934,970,'Business',300.00,10),(1935,971,'Economy',150.00,40),(1936,971,'Business',300.00,10),(1937,972,'Economy',150.00,40),(1938,972,'Business',300.00,10),(1939,973,'Economy',150.00,40),(1940,973,'Business',300.00,10),(1941,974,'Economy',150.00,40),(1942,974,'Business',300.00,10),(1943,975,'Economy',150.00,40),(1944,975,'Business',300.00,10),(1945,976,'Economy',150.00,40),(1946,976,'Business',300.00,10),(1947,977,'Economy',150.00,40),(1948,977,'Business',300.00,10),(1949,978,'Economy',150.00,40),(1950,978,'Business',300.00,10),(1951,979,'Economy',150.00,40),(1952,979,'Business',300.00,10),(1953,980,'Economy',150.00,40),(1954,980,'Business',300.00,10),(1955,981,'Economy',150.00,40),(1956,981,'Business',300.00,10),(1957,982,'Economy',150.00,40),(1958,982,'Business',300.00,10),(1959,983,'Economy',150.00,40),(1960,983,'Business',300.00,10),(1961,984,'Economy',150.00,40),(1962,984,'Business',300.00,10),(1963,985,'Economy',150.00,40),(1964,985,'Business',300.00,10),(1965,986,'Economy',150.00,40),(1966,986,'Business',300.00,10),(1967,987,'Economy',150.00,40),(1968,987,'Business',300.00,10),(1969,988,'Economy',150.00,40),(1970,988,'Business',300.00,10),(1971,989,'Economy',150.00,40),(1972,989,'Business',300.00,10),(1973,990,'Economy',150.00,40),(1974,990,'Business',300.00,10),(1975,991,'Economy',150.00,40),(1976,991,'Business',300.00,10),(1977,992,'Economy',150.00,40),(1978,992,'Business',300.00,10),(1979,993,'Economy',150.00,40),(1980,993,'Business',300.00,10),(1981,994,'Economy',150.00,40),(1982,994,'Business',300.00,10),(1983,995,'Economy',150.00,40),(1984,995,'Business',300.00,10),(1985,996,'Economy',150.00,40),(1986,996,'Business',300.00,10),(1987,997,'Economy',150.00,40),(1988,997,'Business',300.00,10),(1989,998,'Economy',150.00,40),(1990,998,'Business',300.00,10),(1991,999,'Economy',150.00,40),(1992,999,'Business',300.00,10),(1993,1000,'Economy',150.00,40),(1994,1000,'Business',300.00,10),(1995,1001,'Economy',150.00,40),(1996,1001,'Business',300.00,10),(1997,1002,'Economy',150.00,40),(1998,1002,'Business',300.00,10),(1999,1003,'Economy',150.00,40),(2000,1003,'Business',300.00,10),(2001,1004,'Economy',150.00,40),(2002,1004,'Business',300.00,10),(2003,1005,'Economy',150.00,40),(2004,1005,'Business',300.00,10),(2005,1006,'Economy',150.00,40),(2006,1006,'Business',300.00,10),(2007,1007,'Economy',150.00,40),(2008,1007,'Business',300.00,10),(2009,1008,'Economy',150.00,40),(2010,1008,'Business',300.00,10),(2011,1009,'Economy',150.00,40),(2012,1009,'Business',300.00,10),(2013,1010,'Economy',150.00,40),(2014,1010,'Business',300.00,10),(2015,1011,'Economy',150.00,40),(2016,1011,'Business',300.00,10),(2017,1012,'Economy',150.00,40),(2018,1012,'Business',300.00,10),(2019,1013,'Economy',150.00,40),(2020,1013,'Business',300.00,10),(2021,1014,'Economy',150.00,40),(2022,1014,'Business',300.00,10),(2023,1015,'Economy',150.00,40),(2024,1015,'Business',300.00,10),(2025,1016,'Economy',150.00,40),(2026,1016,'Business',300.00,10),(2027,1017,'Economy',150.00,40),(2028,1017,'Business',300.00,10),(2029,1018,'Economy',150.00,40),(2030,1018,'Business',300.00,10),(2031,1019,'Economy',150.00,40),(2032,1019,'Business',300.00,10),(2033,1020,'Economy',150.00,40),(2034,1020,'Business',300.00,10),(2035,1021,'Economy',150.00,40),(2036,1021,'Business',300.00,10),(2037,1022,'Economy',150.00,40),(2038,1022,'Business',300.00,10),(2039,1023,'Economy',150.00,40),(2040,1023,'Business',300.00,10),(2041,1024,'Economy',150.00,40),(2042,1024,'Business',300.00,10),(2043,1025,'Economy',150.00,40),(2044,1025,'Business',300.00,10),(2045,1026,'Economy',150.00,40),(2046,1026,'Business',300.00,10),(2047,1027,'Economy',150.00,40),(2048,1027,'Business',300.00,10),(2049,1028,'Economy',150.00,40),(2050,1028,'Business',300.00,10),(2051,1029,'Economy',150.00,40),(2052,1029,'Business',300.00,10),(2053,1030,'Economy',150.00,40),(2054,1030,'Business',300.00,10),(2055,1031,'Economy',150.00,40),(2056,1031,'Business',300.00,10),(2057,1032,'Economy',150.00,40),(2058,1032,'Business',300.00,10),(2059,1033,'Economy',150.00,40),(2060,1033,'Business',300.00,10),(2061,1034,'Economy',150.00,40),(2062,1034,'Business',300.00,10),(2063,1035,'Economy',150.00,40),(2064,1035,'Business',300.00,10),(2065,1036,'Economy',150.00,40),(2066,1036,'Business',300.00,10),(2067,1037,'Economy',150.00,40),(2068,1037,'Business',300.00,10),(2069,1038,'Economy',150.00,40),(2070,1038,'Business',300.00,10),(2071,1039,'Economy',150.00,40),(2072,1039,'Business',300.00,10),(2073,1040,'Economy',150.00,40),(2074,1040,'Business',300.00,10),(2075,1041,'Economy',150.00,40),(2076,1041,'Business',300.00,10),(2077,1042,'Economy',150.00,40),(2078,1042,'Business',300.00,10),(2079,1043,'Economy',150.00,40),(2080,1043,'Business',300.00,10),(2081,1044,'Economy',150.00,40),(2082,1044,'Business',300.00,10),(2083,1045,'Economy',150.00,40),(2084,1045,'Business',300.00,10),(2085,1046,'Economy',150.00,40),(2086,1046,'Business',300.00,10),(2087,1047,'Economy',150.00,40),(2088,1047,'Business',300.00,10),(2089,1048,'Economy',150.00,40),(2090,1048,'Business',300.00,10),(2091,1049,'Economy',150.00,40),(2092,1049,'Business',300.00,10),(2093,1050,'Economy',150.00,40),(2094,1050,'Business',300.00,10),(2095,1051,'Economy',150.00,40),(2096,1051,'Business',300.00,10),(2097,1052,'Economy',150.00,40),(2098,1052,'Business',300.00,10),(2099,1053,'Economy',150.00,40),(2100,1053,'Business',300.00,10),(2101,1054,'Economy',150.00,40),(2102,1054,'Business',300.00,10),(2103,1055,'Economy',150.00,40),(2104,1055,'Business',300.00,10),(2105,1056,'Economy',150.00,40),(2106,1056,'Business',300.00,10),(2107,1057,'Economy',150.00,40),(2108,1057,'Business',300.00,10),(2109,1058,'Economy',150.00,40),(2110,1058,'Business',300.00,10),(2111,1059,'Economy',150.00,40),(2112,1059,'Business',300.00,10),(2113,1060,'Economy',150.00,40),(2114,1060,'Business',300.00,10),(2115,1061,'Economy',150.00,40),(2116,1061,'Business',300.00,10),(2117,1062,'Economy',150.00,40),(2118,1062,'Business',300.00,10),(2119,1063,'Economy',150.00,40),(2120,1063,'Business',300.00,10),(2121,1064,'Economy',150.00,40),(2122,1064,'Business',300.00,10),(2123,1065,'Economy',150.00,40),(2124,1065,'Business',300.00,10),(2125,1066,'Economy',150.00,40),(2126,1066,'Business',300.00,10),(2127,1067,'Economy',150.00,40),(2128,1067,'Business',300.00,10),(2129,1068,'Economy',150.00,40),(2130,1068,'Business',300.00,10),(2131,1069,'Economy',150.00,40),(2132,1069,'Business',300.00,10),(2133,1070,'Economy',150.00,40),(2134,1070,'Business',300.00,10),(2135,1071,'Economy',150.00,40),(2136,1071,'Business',300.00,10),(2137,1072,'Economy',150.00,40),(2138,1072,'Business',300.00,10),(2139,1073,'Economy',150.00,40),(2140,1073,'Business',300.00,10),(2141,1074,'Economy',150.00,40),(2142,1074,'Business',300.00,10),(2143,1075,'Economy',150.00,40),(2144,1075,'Business',300.00,10),(2145,1076,'Economy',150.00,40),(2146,1076,'Business',300.00,10),(2147,1077,'Economy',150.00,40),(2148,1077,'Business',300.00,10),(2149,1078,'Economy',150.00,40),(2150,1078,'Business',300.00,10),(2151,1079,'Economy',150.00,40),(2152,1079,'Business',300.00,10),(2153,1080,'Economy',150.00,40),(2154,1080,'Business',300.00,10),(2155,1081,'Economy',150.00,40),(2156,1081,'Business',300.00,10),(2157,1082,'Economy',150.00,40),(2158,1082,'Business',300.00,10),(2159,1083,'Economy',150.00,40),(2160,1083,'Business',300.00,10),(2161,1084,'Economy',150.00,40),(2162,1084,'Business',300.00,10),(2163,1085,'Economy',150.00,40),(2164,1085,'Business',300.00,10),(2165,1086,'Economy',150.00,40),(2166,1086,'Business',300.00,10),(2167,1087,'Economy',150.00,40),(2168,1087,'Business',300.00,10),(2169,1088,'Economy',150.00,40),(2170,1088,'Business',300.00,10),(2171,1089,'Economy',150.00,40),(2172,1089,'Business',300.00,10),(2173,1090,'Economy',150.00,40),(2174,1090,'Business',300.00,10),(2175,1091,'Economy',150.00,40),(2176,1091,'Business',300.00,10),(2177,1092,'Economy',150.00,40),(2178,1092,'Business',300.00,10),(2179,1093,'Economy',150.00,40),(2180,1093,'Business',300.00,10),(2181,1094,'Economy',150.00,40),(2182,1094,'Business',300.00,10),(2183,1095,'Economy',150.00,40),(2184,1095,'Business',300.00,10),(2185,1096,'Economy',150.00,40),(2186,1096,'Business',300.00,10),(2187,1097,'Economy',150.00,40),(2188,1097,'Business',300.00,10),(2189,1098,'Economy',150.00,40),(2190,1098,'Business',300.00,10),(2191,1099,'Economy',150.00,40),(2192,1099,'Business',300.00,10),(2193,1100,'Economy',150.00,40),(2194,1100,'Business',300.00,10),(2195,1101,'Economy',150.00,40),(2196,1101,'Business',300.00,10),(2197,1102,'Economy',150.00,40),(2198,1102,'Business',300.00,10),(2199,1103,'Economy',150.00,40),(2200,1103,'Business',300.00,10),(2201,1104,'Economy',150.00,40),(2202,1104,'Business',300.00,10),(2203,1105,'Economy',150.00,40),(2204,1105,'Business',300.00,10),(2205,1106,'Economy',150.00,40),(2206,1106,'Business',300.00,10),(2207,1107,'Economy',150.00,40),(2208,1107,'Business',300.00,10),(2209,1108,'Economy',150.00,40),(2210,1108,'Business',300.00,10),(2211,1109,'Economy',150.00,40),(2212,1109,'Business',300.00,10),(2213,1110,'Economy',150.00,40),(2214,1110,'Business',300.00,10),(2215,1111,'Economy',150.00,40),(2216,1111,'Business',300.00,10),(2217,1112,'Economy',150.00,40),(2218,1112,'Business',300.00,10),(2219,1113,'Economy',150.00,40),(2220,1113,'Business',300.00,10),(2221,1114,'Economy',150.00,40),(2222,1114,'Business',300.00,10),(2223,1115,'Economy',150.00,40),(2224,1115,'Business',300.00,10),(2225,1116,'Economy',150.00,40),(2226,1116,'Business',300.00,10),(2227,1117,'Economy',150.00,40),(2228,1117,'Business',300.00,10),(2229,1118,'Economy',150.00,40),(2230,1118,'Business',300.00,10),(2231,1119,'Economy',150.00,40),(2232,1119,'Business',300.00,10),(2233,1120,'Economy',150.00,40),(2234,1120,'Business',300.00,10),(2235,1121,'Economy',150.00,40),(2236,1121,'Business',300.00,10),(2237,1122,'Economy',150.00,40),(2238,1122,'Business',300.00,10),(2239,1123,'Economy',150.00,40),(2240,1123,'Business',300.00,10),(2241,1124,'Economy',150.00,40),(2242,1124,'Business',300.00,10),(2243,1125,'Economy',150.00,40),(2244,1125,'Business',300.00,10),(2245,1126,'Economy',150.00,40),(2246,1126,'Business',300.00,10),(2247,1127,'Economy',150.00,40),(2248,1127,'Business',300.00,10),(2249,1128,'Economy',150.00,40),(2250,1128,'Business',300.00,10),(2251,1129,'Economy',150.00,40),(2252,1129,'Business',300.00,10),(2253,1130,'Economy',150.00,40),(2254,1130,'Business',300.00,10),(2255,1131,'Economy',150.00,40),(2256,1131,'Business',300.00,10),(2257,1132,'Economy',150.00,40),(2258,1132,'Business',300.00,10),(2259,1133,'Economy',150.00,40),(2260,1133,'Business',300.00,10),(2261,1134,'Economy',150.00,40),(2262,1134,'Business',300.00,10),(2263,1135,'Economy',150.00,40),(2264,1135,'Business',300.00,10),(2265,1136,'Economy',150.00,40),(2266,1136,'Business',300.00,10),(2267,1137,'Economy',150.00,40),(2268,1137,'Business',300.00,10),(2269,1138,'Economy',150.00,40),(2270,1138,'Business',300.00,10),(2271,1139,'Economy',150.00,40),(2272,1139,'Business',300.00,10),(2273,1140,'Economy',150.00,40),(2274,1140,'Business',300.00,10),(2275,1141,'Economy',150.00,40),(2276,1141,'Business',300.00,10),(2277,1142,'Economy',150.00,40),(2278,1142,'Business',300.00,10),(2279,1143,'Economy',150.00,40),(2280,1143,'Business',300.00,10),(2281,1144,'Economy',150.00,40),(2282,1144,'Business',300.00,10),(2283,1145,'Economy',150.00,40),(2284,1145,'Business',300.00,10),(2285,1146,'Economy',150.00,40),(2286,1146,'Business',300.00,10),(2287,1147,'Economy',150.00,40),(2288,1147,'Business',300.00,10),(2289,1148,'Economy',150.00,40),(2290,1148,'Business',300.00,10),(2291,1149,'Economy',150.00,40),(2292,1149,'Business',300.00,10),(2293,1150,'Economy',150.00,40),(2294,1150,'Business',300.00,10),(2295,1151,'Economy',150.00,40),(2296,1151,'Business',300.00,10),(2297,1152,'Economy',150.00,40),(2298,1152,'Business',300.00,10),(2299,1153,'Economy',150.00,40),(2300,1153,'Business',300.00,10),(2301,1154,'Economy',150.00,40),(2302,1154,'Business',300.00,10),(2303,1155,'Economy',150.00,40),(2304,1155,'Business',300.00,10),(2305,1156,'Economy',150.00,40),(2306,1156,'Business',300.00,10),(2307,1157,'Economy',150.00,40),(2308,1157,'Business',300.00,10),(2309,1158,'Economy',150.00,40),(2310,1158,'Business',300.00,10),(2311,1159,'Economy',150.00,40),(2312,1159,'Business',300.00,10),(2313,1160,'Economy',150.00,40),(2314,1160,'Business',300.00,10),(2315,1161,'Economy',150.00,40),(2316,1161,'Business',300.00,10),(2317,1162,'Economy',150.00,40),(2318,1162,'Business',300.00,10),(2319,1163,'Economy',150.00,40),(2320,1163,'Business',300.00,10),(2321,1164,'Economy',150.00,40),(2322,1164,'Business',300.00,10),(2323,1165,'Economy',150.00,40),(2324,1165,'Business',300.00,10),(2325,1166,'Economy',150.00,40),(2326,1166,'Business',300.00,10),(2327,1167,'Economy',150.00,40),(2328,1167,'Business',300.00,10),(2329,1168,'Economy',150.00,40),(2330,1168,'Business',300.00,10),(2331,1169,'Economy',150.00,40),(2332,1169,'Business',300.00,10),(2333,1170,'Economy',150.00,40),(2334,1170,'Business',300.00,10),(2335,1171,'Economy',150.00,40),(2336,1171,'Business',300.00,10),(2337,1172,'Economy',150.00,40),(2338,1172,'Business',300.00,10),(2339,1173,'Economy',150.00,40),(2340,1173,'Business',300.00,10),(2341,1174,'Economy',150.00,40),(2342,1174,'Business',300.00,10),(2343,1175,'Economy',150.00,40),(2344,1175,'Business',300.00,10),(2345,1176,'Economy',150.00,40),(2346,1176,'Business',300.00,10),(2347,1177,'Economy',150.00,40),(2348,1177,'Business',300.00,10),(2349,1178,'Economy',150.00,40),(2350,1178,'Business',300.00,10),(2351,1179,'Economy',150.00,40),(2352,1179,'Business',300.00,10),(2353,1180,'Economy',150.00,40),(2354,1180,'Business',300.00,10),(2355,1181,'Economy',150.00,40),(2356,1181,'Business',300.00,10),(2357,1182,'Economy',150.00,40),(2358,1182,'Business',300.00,10),(2359,1183,'Economy',150.00,40),(2360,1183,'Business',300.00,10),(2361,1184,'Economy',150.00,40),(2362,1184,'Business',300.00,10),(2363,1185,'Economy',150.00,40),(2364,1185,'Business',300.00,10),(2365,1186,'Economy',150.00,40),(2366,1186,'Business',300.00,10),(2367,1187,'Economy',150.00,40),(2368,1187,'Business',300.00,10),(2369,1188,'Economy',150.00,40),(2370,1188,'Business',300.00,10),(2371,1189,'Economy',150.00,40),(2372,1189,'Business',300.00,10),(2373,1190,'Economy',150.00,40),(2374,1190,'Business',300.00,10),(2375,1191,'Economy',150.00,40),(2376,1191,'Business',300.00,10),(2377,1192,'Economy',150.00,40),(2378,1192,'Business',300.00,10),(2379,1193,'Economy',150.00,40),(2380,1193,'Business',300.00,10),(2381,1194,'Economy',150.00,40),(2382,1194,'Business',300.00,10),(2383,1195,'Economy',150.00,40),(2384,1195,'Business',300.00,10),(2385,1196,'Economy',150.00,40),(2386,1196,'Business',300.00,10),(2387,1197,'Economy',150.00,40),(2388,1197,'Business',300.00,10),(2389,1198,'Economy',150.00,40),(2390,1198,'Business',300.00,10),(2391,1199,'Economy',150.00,40),(2392,1199,'Business',300.00,10),(2393,1200,'Economy',150.00,40),(2394,1200,'Business',300.00,10),(2395,1201,'Economy',150.00,40),(2396,1201,'Business',300.00,10),(2397,1202,'Economy',150.00,40),(2398,1202,'Business',300.00,10),(2399,1203,'Economy',150.00,40),(2400,1203,'Business',300.00,10);
/*!40000 ALTER TABLE `Ticket` ENABLE KEYS */;
UNLOCK TABLES;

--
-- Table structure for table `Transfer`
--

DROP TABLE IF EXISTS `Transfer`;
/*!40101 SET @saved_cs_client     = @@character_set_client */;
/*!40101 SET character_set_client = utf8 */;
CREATE TABLE `Transfer` (
  `id` smallint(5) unsigned NOT NULL AUTO_INCREMENT,
  `airportId` varchar(3) NOT NULL,
  `hotelId` smallint(5) unsigned NOT NULL,
  `price` float(5,2) NOT NULL,
  PRIMARY KEY (`id`),
  KEY `TransferAirportId` (`airportId`),
  KEY `TransferHotelId` (`hotelId`),
  CONSTRAINT `TransferAirportId` FOREIGN KEY (`airportId`) REFERENCES `Airport` (`id`),
  CONSTRAINT `TransferHotelId` FOREIGN KEY (`hotelId`) REFERENCES `Hotel` (`id`)
) ENGINE=InnoDB AUTO_INCREMENT=25 DEFAULT CHARSET=latin1;
/*!40101 SET character_set_client = @saved_cs_client */;

--
-- Dumping data for table `Transfer`
--

LOCK TABLES `Transfer` WRITE;
/*!40000 ALTER TABLE `Transfer` DISABLE KEYS */;
INSERT INTO `Transfer` VALUES (1,'LED',1,30.00),(2,'LED',3,15.00),(3,'LED',4,20.00),(4,'NCE',8,50.00),(5,'NCE',9,60.00),(6,'NCE',10,70.00),(7,'BVA',11,60.00),(8,'BVA',12,50.00),(9,'BVA',13,50.00),(10,'CDG',11,40.00),(11,'CDG',12,30.00),(12,'CDG',13,30.00),(13,'ORY',11,35.00),(14,'ORY',12,30.00),(15,'ORY',13,30.00),(16,'DME',5,30.00),(17,'DME',6,20.00),(18,'DME',7,20.00),(19,'SVO',5,35.00),(20,'SVO',6,20.00),(21,'SVO',7,15.00),(22,'VKO',5,30.00),(23,'VKO',6,15.00),(24,'VKO',7,15.00);
/*!40000 ALTER TABLE `Transfer` ENABLE KEYS */;
UNLOCK TABLES;
/*!40103 SET TIME_ZONE=@OLD_TIME_ZONE */;

/*!40101 SET SQL_MODE=@OLD_SQL_MODE */;
/*!40014 SET FOREIGN_KEY_CHECKS=@OLD_FOREIGN_KEY_CHECKS */;
/*!40014 SET UNIQUE_CHECKS=@OLD_UNIQUE_CHECKS */;
/*!40101 SET CHARACTER_SET_CLIENT=@OLD_CHARACTER_SET_CLIENT */;
/*!40101 SET CHARACTER_SET_RESULTS=@OLD_CHARACTER_SET_RESULTS */;
/*!40101 SET COLLATION_CONNECTION=@OLD_COLLATION_CONNECTION */;
/*!40111 SET SQL_NOTES=@OLD_SQL_NOTES */;

-- Dump completed on 2018-03-28 21:35:32
